Age_physical_avg_min,bkg_OA_AMS,bkg_Methane_PICARRO,bkg_Ethyne_AWAS,bkg_HCN_UWCIMS,bkg_HCN_PTR,bkg_HCN_TOGA,bkg_CO_QCL,bkg_ethene_C2H4_PTR,bkg_Ethene_AWAS,bkg_NO,bkg_formaldehyde_CH2O_PTR,bkg_CH2O_TOGA,bkg_Ethane_AWAS,bkg_METHANOL_CH3OH_PTR,bkg_CH3OH_TOGA,bkg_PROPYNE_C3H4_PTR,bkg_ACETONITRILE_C2H3N_PTR,bkg_CH3CN_TOGA,bkg_Acetonitrile_AWAS,bkg_propene_C3H6_PTR,bkg_Propylene_AWAS,bkg_isocyanic_acid_HNCO_PTR,bkg_ethenamine_C2H5N_PTR,bkg_CO2_PICARRO_ppb,bkg_NO2,bkg_ACETALDEHYDE_C2H4O_PTR,bkg_CH3CHO_TOGA,bkg_Acetaldehyde_AWAS,bkg_Propane_TOGA,bkg_Propane_AWAS,bkg_formamide_CH3NO_PTR,bkg_CH2O2_UWCIMS,bkg_formic_acid_CH2O2_PTR,bkg_ETHANOL_C2H6O_PTR,bkg_C2H5OH_TOGA,bkg_HONO_UWCIMS,bkg_HONO_HNO2_PTR,bkg_O3,bkg_CH3Cl_TOGA,bkg_1_buten_3_yne_C4H4_PTR,bkg_acrylonitrile_C3H3N_PTR,bkg_Acrylonitrile_TOGA,bkg_2_propynal_C3H2O_PTR,bkg_butadiene_C4H6_PTR,bkg_propane_PTR,bkg_acrolein_C3H4O_PTR,bkg_Acrolein_TOGA,bkg_1_BUTENE_PTR,bkg_iButene1Butene_TOGA,bkg_cisx2butene_AWAS,bkg_transx2butene_AWAS,bkg_x1Butene_AWAS,bkg_methyl_isocyanate_C2H3NO_PTR,bkg_propene_amine_C3H7N_PTR,bkg_glyoxal_C2H2O2_PTR,bkg_ACETONE_C3H6O_PTR,bkg_Acetone_TOGA,bkg_Propanal_TOGA,bkg_Acetone_AWAS,bkg_iButane_TOGA,bkg_nButane_TOGA,bkg_Isobutane_AWAS,bkg_N_butane_AWAS,bkg_acetamide_C2H5NO_PTR,bkg_trimethylamine_C3H9N_PTR,bkg_acetic_acid_C2H4O2_PTR,bkg_iPropanol_TOGA,bkg_nitromethane_CH3NO2_PTR,bkg_DMS_PTR,bkg_DMS_TOGA,bkg_DMS_AWAS,bkg_cyanoallene_isomers_C4H3N_PTR,bkg_1_3_cyclopentadiene_C5H6,bkg_pyrrol_C4H5N_PTR,bkg_MeAcrylonitrile_TOGA,bkg_carbon_suboxide_C3O2_PTR,bkg_FURAN_C4H4O_PTR,bkg_Furan_TOGA,bkg_ISOPRENE_C5H8_PTR,bkg_Isoprene_TOGA,bkg_Isoprene_AWAS,bkg_dihydropyrrole_C4H7N_PTR,bkg_propiolic_acid_C3H2O2_PTR,bkg_MACR_MVK_C4H6O_PTR,bkg_MAC_TOGA,bkg_MVK_TOGA,bkg_x2Butenals_TOGA,bkg_MACR_AWAS,bkg_MVK_AWAS,bkg_pentene_C5H10_PTR,bkg_Cyclopentane_AWAS,bkg_butene_amine_C4H9N_PTR,bkg_methyl_glyoxal_C3H4O2_PTR,bkg_MEK_C4H8O_PTR,bkg_Butanal_TOGA,bkg_MEK_TOGA,bkg_MEK_AWAS,bkg_iPentane_TOGA,bkg_nPentane_TOGA,bkg_Isopentane_AWAS,bkg_nPentane_AWAS,bkg_nitroethene_C2H3NO2_PTR,bkg_hydroxyacetone_C3H6O2_PTR,bkg_nitroethane_C2H5NO2_PTR,bkg_CS2_TOGA,bkg_BENZENE_C6H6_PTR,bkg_Benzene_TOGA,bkg_Benzene_CHB_AWAS,bkg_pyridine_C5H5N_PTR,bkg_2_4_cyclopentadiene_1_one_C5H4O_PTR,bkg_methyl_pyrrole_isomers_C5H7N_PTR,bkg_2_METHYLFURAN_C5H6O_PTR,bkg_x2MeFuran_TOGA,bkg_x3MeFuran_TOGA,bkg_x22Dimethylbutane_AWAS,bkg_pentanenitriles_C5H9N_PTR,bkg_CH2Cl2_TOGA,bkg_2_3H_furanone_C4H4O2_PTR,bkg_cyclopentanone_C5H8O_PTR,bkg_Cyclohexane_CHB_AWAS,bkg_x1Hexene_AWAS,bkg_HCFC22_TOGA,bkg_2_3_butanedione_C4H6O2_PTR,bkg_3_methyl_2_butanone_C5H10O_PTR,bkg_MBO_TOGA,bkg_nHexane_TOGA,bkg_x2MePentane_TOGA,bkg_x3MePentane_TOGA,bkg_Hexane_AWAS,bkg_x3Methylpentane_AWAS,bkg_pyruvic_acid_C3H4O3_PTR,bkg_methyl_propanoate_C4H8O2_PTR,bkg_nitropropanes_C3H7NO2_PTR,bkg_x24Dimethylpentane_AWAS,bkg_ethylnylpyrrole_C6H5N_PTR,bkg_TOLUENE_C7H8_PTR,bkg_Toluene_TOGA,bkg_Toluene_AWAS,bkg_3_furancarbonitrile_C5H3NO_PTR,bkg_2_methyl_pyridine_C6H7N_PTR,bkg_CH3Br_TOGA,bkg_C6H6O_UWCIMS,bkg_phenol_C6H6O_PTR,bkg_2_FURALDEHYDE_C5H4O2_PTR,bkg_2_5_dimethyl_furan_C6H8O,bkg_4_methylpentanenitrile_C6H11N_PTR,bkg_CH2ClCH2Cl_TOGA,bkg_maleic_anhydride_C4H2O3_PTR,bkg_2_furanmethanol_C5H6O2_PTR,bkg_cyclohexanone_C6H10O_PTR,bkg_Methylcyclohexane_CHB_AWAS,bkg_dihydro_furandione_C4H4O3_PTR,bkg_methyl_methacrylate_C5H8O2_PTR,bkg_3_HEXANONE_C6H12O_PTR,bkg_nHeptane_TOGA,bkg_nHeptan_CHB_AWAS,bkg_x23Dimethylpentane_AWAS,bkg_x2Methylhexane_AWAS,bkg_x3Methylhexane_AWAS,bkg_HFC134a_TOGA,bkg_acetic_anhydride_C4H6O3_PTR,bkg_benzonitrile_C7H5N_PTR,bkg_styrene_C8H8_PTR,bkg_Styrene_TOGA,bkg_iPropONO2_TOGA,bkg_nPropONO2_TOGA,bkg_vinylpyridine_C7H7N_PTR,bkg_benzaldehyde_C7H6O_PTR,bkg_C8_AROMATICS_C8H10_PTR,bkg_mpXylene_TOGA,bkg_oXylene_TOGA,bkg_Ethylbenzene_AWAS,bkg_mpXylene_AWAS,bkg_oXylene_AWAS,bkg_p_benzoquinone_C6H4O2_PTR,bkg_o_cresol_C7H8O_PTR,bkg_5_METHYLFURFURAL_C6H6O2_PTR,bkg_C3_furan_C7H10O_PTR,bkg_dihydroxy_pyridine_C5H5NO2_PTR,bkg_ClBenzene_TOGA,bkg_5_hydroxy_2_furfural_PTR,bkg_2_hydroxy_3_methyl_2_cyclopenten_1_one_C6H8O2_PTR,bkg_ethylcyclopentanone_C7H12O_PTR,bkg_nitrofuran_C4H3NO3_PTR,bkg_5_hydroxymethyl_2_3H_furanone_C5H6O3_PTR,bkg_C6_diones_C6H10O2_PTR,bkg_heptanal_C7H14O_PTR,bkg_nOctane_TOGA,bkg_x224TrimePentane_TOGA,bkg_nOctane_AWAS,bkg_x234Trimethylpentane_AWAS,bkg_x2Methylheptane_AWAS,bkg_x3Methylheptane_AWAS,bkg_HCFC141b_TOGA,bkg_2_5_dihydroxymethyl_dihydrofurfural_C5H8O3_PTR,bkg_C6_esters_C6H12O2_PTR,bkg_benzeneacetonitrile_C8H7N_PTR,bkg_CHCl3_TOGA,bkg_benzofuran_C8H6O_PTR,bkg_indane_C9H10_PTR,bkg_tolualdehyde_C8H8O_PTR,bkg_C9_AROMATICS_C9H12_PTR,bkg_Isopropylbenzene_AWAS,bkg_nPropylbenzene_AWAS,bkg_x123Trimethylbenzene_AWAS,bkg_x124Trimethylbenzene_AWAS,bkg_x135Trimethylbenzene_AWAS,bkg_x2Ethyltoluene_AWAS,bkg_x3Ethyltoluene_AWAS,bkg_x4Ethyltoluene_AWAS,bkg_salicylaldehyde_C7H6O2_PTR,bkg_C2_phenols_C8H10O_PTR,bkg_hydroxy_benzoquinone_C6H4O3_PTR,bkg_guaiacol_C7H8O2_PTR,bkg_5_hydroxymethyl_2_furfural_C6H6O3_PTR,bkg_nNonane_AWAS,bkg_CH3CCl3_TOGA,bkg_methyl_benzofuran_C9H8O_PTR,bkg_methyl_propenyl_benzene_C10H12_PTR,bkg_3_methylacetophenone_C9H10O_PTR,bkg_C10_AROMATICS_C10H14_PTR,bkg_x13Diethylbenzene_AWAS,bkg_x14Diethylbenzene_AWAS,bkg_methyl_benzoic_acid_C8H8O2_PTR,bkg_MONOTERPENES_C10H16_PTR,bkg_Camphene_TOGA,bkg_Tricyclene_TOGA,bkg_aPinene_TOGA,bkg_bPineneMyrcene_TOGA,bkg_nitrotoluene_C7H7NO2_PTR,bkg_creosol_C8H10O2_PTR,bkg_CH3I_TOGA,bkg_methyl_naphthalene_C11H10_PTR,bkg_nDecane_AWAS,bkg_levoglucosan_pyrolysis_product_C6H8O4_PTR,bkg_dimethylbenzofuran_C10H10O_PTR,bkg_estragole_C10H12O_PTR,bkg_C11_aromatics_C11H16_PTR,bkg_vinyl_guaiacol_C9H10O2_PTR,bkg_vanillin_C8H8O3_PTR,bkg_camphor_C10H16O_PTR,bkg_syringol_C8H10O3_PTR,bkg_cineole_C10H18O_PTR,bkg_1_3_dimethylnaphthalene_C12H12_PTR,bkg_decanal_C10H20O_PTR,bkg_Undecane_AWAS,bkg_CHBrCl2_TOGA,bkg_C12_aromatics_C12H18_PTR,bkg_C2Cl4_TOGA,bkg_eugenol_C10H12O2_PTR,bkg_CH2Br2_TOGA,bkg_CH2ClI_TOGA,bkg_C13_aromatics_C13H20_PTR,bkg_sesquiterpenes_C15H24_PTR,bkg_CHBr2Cl_TOGA,bkg_CHBr3_TOGA,bkg_C10H16O3_UWCIMS,bkg_C5H10O3_UWCIMS,bkg_C5H9O4N_UWCIMS,bkg_C6H10O5_UWCIMS,bkg_C9H14O4_UWCIMS,bkg_HCl_UWCIMS,bkg_HNO3_UWCIMS,bkg_PAN,bkg_PPN,bkg_SO2_UWCIMS,bkg_EtBenzene_TOGA,bkg_Propanenitrile_TOGA,bkg_iBuONO2and2BuONO2_TOGA,bkg_H_C_AMS,bkg_NO3_AMS,bkg_OM_OC_AMS,bkg_O_C_AMS
408.85,0.6902284000000001,1869.58066768293,0.0,0.278728268292683,0.0771315623509144,0.22899999999999998,72.5158140243903,0.00491142475642027,0.0,0.0349588098794274,1.12651978759944,0.8565,0.0,0.6241761905142521,0.7305,0.0232982292180256,0.140428119590695,0.0862,0.0,0.108077803808962,0.0,0.0739178646571192,0.00389224922516986,408585.45121951203,0.48945869770948003,0.12237289326145599,0.0586,0.0,0.0428,0.0,0.0056448455260492605,0.273105835670732,2.01177034415071,0.0152411315629498,0.0066,0.00225526923076923,0.0,70.208219222561,0.5745,0.0017328516582548199,0.0011481879337429698,0.0,0.0169247765337512,0.000145198468033166,0.0012083768945751,0.0322959951184328,0.0,0.0,0.0,0.0,0.0,0.0,0.0005467799292089519,0.0024794586984735103,0.0075636282019807596,1.13301437046767,0.6279,0.0047,0.0,0.0005,0.00045,0.0,0.0,0.0306077759380288,0.00174425802988435,2.42107306751239,0.0,0.0022080111495155898,0.0035147205605690897,0.0,0.0,0.0013286902468422801,0.000332357600764483,0.00117531391619679,0.0,0.0220739815576386,0.0552621671037113,0.0,0.0021785221626044,0.0,0.0,0.00024036151984247598,0.000563894425239964,0.0141573262012376,0.0,0.0034,0.0,0.0,0.0,0.000672674260701479,0.0,0.00101475279574169,0.11025557468213999,0.0304253388769469,0.00855,0.0067,0.0,0.0,0.0,0.0,0.0,0.00123582557960545,0.213367610290212,0.00467806724568078,0.0,0.00183466614939515,0.003565,0.0,0.0084633206389948,0.0005847533403633019,0.00513021027540879,0.00943068843849486,4.3889146567718e-05,0.0009,0.0,0.00155442639454124,0.0237,0.0365487875204392,0.000210285452208329,0.0,0.0,0.2505,0.0691307899604049,0.000658457994836296,0.0,0.0,0.0,0.0,0.0,0.0,0.00043997367063263094,0.0395327281705475,0.000163636076525156,0.0,0.00127239487962845,0.00045085234319305304,0.0007700000000000001,0.0,0.000443345259700762,0.0006188777004168099,0.0084,0.0219228820512821,0.006587315663206779,0.00101796710472685,0.00149767359949088,0.000405300142467544,0.00685,0.0652263779773297,0.008724730944092159,0.00272062211774882,0.0,0.0659386289309191,0.048976261609063,0.000290930060389838,0.0,0.0,0.0,0.0,0.0,0.10895,0.0111950726733534,0.0028040775327298102,0.00385831406414623,0.0,0.00101,0.0,0.000546636104431309,0.00019186205774911002,0.0019097365627080102,0.00062,0.0,0.0,0.0,0.0,0.000396735313035147,0.00501723990901445,0.00308691882526797,0.000385847926462086,0.00409835631688307,0.0,0.00788030741704634,0.00782085550531494,0.000881765336663297,0.000348336563081296,0.0044898676449927,0.000445428833266483,0.00101296311648721,0.0,0.0,0.0,0.0,0.0,0.0,0.0254,0.0121423048044166,0.000658856210466798,0.000244308870845265,0.008175,0.000618035653468171,0.000179000146275626,0.000769842031897533,0.00114812618398185,0.0,0.0,0.0,0.0,0.0,0.0,0.0,0.0,0.000600058571825906,0.0037563253415953705,0.00082781849462879,0.000303457963176387,0.00029389643695197003,0.0,0.00236,0.00230787778330656,0.00471936096594965,0.0005716556837734781,0.00020165334882014498,0.0,0.0,0.000753599111436728,0.00196093186263662,0.0,0.0,0.0,0.0,0.00046685268754967303,0.00103460893229517,0.0,7.70996549688258e-05,0.0,0.00570815863997639,0.00084443296325628,0.00034827624696861804,0.000152776134684775,0.0007262792389030531,3.29416315515091e-05,0.00293921597262485,0.000166393036188735,7.15152330357847e-06,0.0007707775151215519,0.0,0.0,0.0,0.00186226714225943,0.00082,0.000227956552670754,0.0006799999999999999,0.0,0.00023085414200053197,0.000596236603195473,0.0,0.00023500000000000002,3.21554404145078e-05,0.00531536890243902,0.000838176829268293,0.000686724085365854,7.68951219512195e-05,0.0328715897435897,0.9404680329268291,0.28447445213414596,0.0295551109375,0.0298979886363636,0.0,0.0054,0.0,0.6628484,0.0224284,1.2729988,0.5456191999999999
413.84,0.6902284000000001,1873.3842424242398,0.0,0.26131007196969697,0.0204745189155909,0.22899999999999998,63.358143939393905,0.0102582799673807,0.0,0.0343014169583221,0.578759354247229,0.8565,0.0,0.569095033998685,0.7305,0.0232982292180256,0.10942233959861802,0.0862,0.0,0.09295196208870726,0.0,0.0379421991251854,0.00389224922516986,408462.53787878796,0.337263759083712,0.12237289326145599,0.0586,0.0,0.0428,0.0,0.0056448455260492605,0.260473772727273,0.0572981818222575,0.0152411315629498,0.0066,0.00225526923076923,0.0,73.45062575757579,0.5745,0.0017328516582548199,0.0011481879337429698,0.0,0.0169247765337512,0.000145198468033166,0.0012083768945751,0.020104479645591228,0.0,0.0,0.0,0.0,0.0,0.0,0.00128926875829692,0.0024794586984735103,0.00269973057236633,1.0321463669786,0.6279,0.0047,0.0,0.0005,0.00045,0.0,0.0,0.0209269652678763,0.00174425802988435,2.12458725245316,0.0,0.012063719380895845,0.0035147205605690897,0.0,0.0,0.0013286902468422801,0.000332357600764483,0.00117531391619679,0.0,0.00287646707040615,0.03464020747914705,0.0,0.0021785221626044,0.0,0.0,0.0004921614235670887,0.001211649138491153,0.011244237896098921,0.0,0.0034,0.0,0.0,0.0,0.000672674260701479,0.0,0.00101475279574169,0.00415277443803757,0.0304253388769469,0.00855,0.0067,0.0,0.0,0.0,0.0,0.0,0.00123582557960545,0.1484996266047358,0.00467806724568078,0.0,0.00183466614939515,0.003565,0.0,0.0057475802093209846,0.0005847533403633019,0.0030918557567343402,0.000838117675025687,4.3889146567718e-05,0.0009,0.0,0.00155442639454124,0.0237,0.0013041544792721802,0.0009105050278208426,0.0,0.0,0.2505,0.049802189550957,0.000658457994836296,0.0,0.0,0.0,0.0,0.0,0.0,0.0026126322213736648,0.023719155002420566,0.000477111781121157,0.0,0.00127239487962845,0.00136229325996397,0.0007700000000000001,0.0,0.000443345259700762,0.0007910897281251,0.0084,0.0219228820512821,0.006587315663206779,0.00319773184533987,0.00149767359949088,0.000405300142467544,0.00685,0.0469693211578057,0.000866767805093595,0.00272062211774882,0.0,0.0040250597398185,0.0027826879111846102,0.0003833207035308267,0.0,0.0,0.0,0.0,0.0,0.10895,0.0070928910279395,0.000295194251674704,0.002582923081420995,0.0,0.00101,0.0,0.000546636104431309,0.0004755718939176667,0.0019097365627080102,0.00062,0.0,0.0,0.0,0.0,0.00134778062222184,0.003166844486900365,0.00308691882526797,0.000385847926462086,0.0037590313618432363,0.0,0.00515341883853323,0.005831576865649644,0.000881765336663297,0.0012991945105285626,0.0026156375927147606,0.001064950934544262,0.00101296311648721,0.0,0.0,0.0,0.0,0.0,0.0,0.0254,0.009361467519626148,0.000658856210466798,0.000244308870845265,0.008175,0.000618035653468171,0.000784326033600372,0.000769842031897533,0.00114812618398185,0.0,0.0,0.0,0.0,0.0,0.0,0.0,0.0,0.001837442400555783,0.0029503876066548735,0.00082781849462879,0.00028882113541880343,0.000873142515071029,0.0,0.00236,0.00230787778330656,0.0009338990735950289,0.0005716556837734781,0.00048432229844564594,0.0,0.0,0.000753599111436728,0.00196093186263662,0.0,0.0,0.0,0.0,0.00046685268754967303,0.00103460893229517,0.0,7.70996549688258e-05,0.0,0.0061375578822677,0.00084443296325628,0.00034827624696861804,0.0006441668968866559,0.0007262792389030531,3.29416315515091e-05,0.002263147930643478,0.00038255368077455624,7.15152330357847e-06,0.0007707775151215519,0.0,0.0,0.0,0.00186226714225943,0.00082,0.000227956552670754,0.0006799999999999999,0.0,0.00023085414200053197,0.000596236603195473,0.0,0.00023500000000000002,3.21554404145078e-05,0.000628253787878788,7.30795454545455e-05,0.000278693181818182,0.000290666666666667,0.0328715897435897,1.11693695454545,0.286555500811688,0.0182055566558442,0.0298979886363636,0.0,0.0054,0.0,0.6628484,0.0224284,1.2729988,0.5456191999999999
421.66,0.6902284000000001,1868.83732297064,0.0,0.264960134715026,0.0314526584743859,0.22899999999999998,68.00780656303971,0.019235284788737133,0.0,0.0357756751295337,1.2421019020187198,0.8565,0.0,0.648069113520077,0.7305,0.0232982292180256,0.123309890043774,0.0862,0.0,0.07782612036845253,0.0,0.010568974593012,0.00389224922516986,408663.03972366103,0.552973194300518,0.12237289326145599,0.0586,0.0,0.0428,0.0,0.0056448455260492605,0.298531789291883,1.40032236977786,0.104757249245907,0.0066,0.00225526923076923,0.0,68.8643006908463,0.5745,0.0017328516582548199,0.0011481879337429698,0.0,0.0169247765337512,0.000145198468033166,0.0012083768945751,0.00791296417274966,0.0,0.0,0.0,0.0,0.0,0.0,0.00372957764526762,0.00280178712325385,0.00579602081290263,0.982988010232109,0.6279,0.0047,0.0,0.0005,0.00045,0.0,0.0,0.0112461545977238,0.00174425802988435,1.82810143739393,0.0,0.0219194276122761,0.0035147205605690897,0.0,0.0,0.0011293664136987317,0.000478029464088436,0.000941405695864884,0.0,0.00383808913050954,0.0140182478545828,0.0,0.0021785221626044,0.0,0.0,0.0007439613272917014,0.001859403851742342,0.00833114959096024,0.0,0.0034,0.0,0.0,0.0,0.000672674260701479,0.0,0.00101475279574169,0.0456528058850864,0.0304253388769469,0.00855,0.0067,0.0,0.0,0.0,0.0,0.0,0.00123582557960545,0.0836316429192596,0.00467806724568078,0.0,0.02860418839668343,0.003565,0.0,0.00303183977964717,0.0005847533403633019,0.00105350123805989,0.0142316195073557,4.3889146567718e-05,0.0009,0.0,0.00155442639454124,0.0237,0.0252883185754326,0.0016107246034333562,0.0,0.0,0.2505,0.0304735891415091,0.0023392060635760584,0.0,0.0,0.0,0.0,0.0,0.0,0.004785290772114699,0.007905581834293629,0.0014314973068525801,0.0,0.00127239487962845,0.00708152221652215,0.0007700000000000001,0.0,0.0007458473344247511,0.00096330175583339,0.0084,0.0219228820512821,0.006587315663206779,0.00537749658595289,0.00149767359949088,0.00046799526385912446,0.00685,0.0287122643382817,0.00165871561940668,0.00272062211774882,0.0,0.0192624175081181,0.021602695141589,0.00047571134667181536,0.0,0.0,0.0,0.0,0.0,0.10895,0.0029907093825256,0.003023007728131327,0.00130753209869576,0.0,0.00101,0.0,0.000546636104431309,0.0007592817300862234,0.0019097365627080102,0.00062,0.0,0.0,0.0,0.0,0.00532015427808562,0.00131644906478628,0.00308691882526797,0.000953608375673698,0.003419706406803402,0.0,0.00242653026002012,0.0038422982259843468,0.000881765336663297,0.0022500524579758294,0.000741407540436821,0.001684473035822041,0.00101296311648721,0.0,0.0,0.0,0.0,0.0,0.0,0.0254,0.006580630234835696,0.000658856210466798,0.00039204172510462596,0.008175,0.000618035653468171,0.000919394790672561,0.000769842031897533,0.00114812618398185,0.0,0.0,0.0,0.0,0.0,0.0,0.0,0.0,0.00307482622928566,0.0021444498717143766,0.00082781849462879,0.00027418430766121987,0.00275906743640525,0.0,0.00236,0.00230787778330656,0.0020734069066551,0.0005716556837734781,0.0007669912480711469,0.0,0.0,0.000753599111436728,0.00196093186263662,0.0,0.0,0.0,0.0,0.00046685268754967303,0.00103460893229517,0.0,7.70996549688258e-05,0.0,0.00656695712455901,0.00084443296325628,0.00034827624696861804,0.0006160186133997625,0.0019370891563726,3.29416315515091e-05,0.0015870798886621065,0.0005987143253603775,7.15152330357847e-06,0.0008330055851218615,0.0,0.0,0.0,0.00186226714225943,0.00082,0.000227956552670754,0.0006799999999999999,0.0,0.00023085414200053197,0.000596236603195473,0.0,0.00023500000000000002,3.21554404145078e-05,0.00160852849740933,0.000155602763385147,0.0008911030011655009,0.0002660551282051285,0.0328715897435897,0.823543480138169,0.268879378238342,0.0228632840858623,0.0591501174438687,0.0,0.0054,0.0,0.6628484,0.0224284,1.2729988,0.5456191999999999
425.45,0.6902284000000001,1874.4078205128199,0.0,0.389606992307692,0.0596605322692031,0.22899999999999998,133.325307692308,0.028212289610093567,0.0,0.0385448528205128,1.90783541737634,0.8565,0.0,1.29769347392281,0.7305,0.0232982292180256,0.19138671647365696,0.0862,0.0,0.0627002786481978,0.0,0.13857187933286902,0.00389224922516986,409325.10256410297,0.33471147948717894,0.12237289326145599,0.0586,0.0,0.0428,0.0,0.0145019024020517,1.4617809256410301,1.59257113016244,0.0656077178968853,0.0066,0.00225526923076923,0.0,72.7236569230769,0.5745,0.0017328516582548199,0.00224905088787377,0.0,0.0169247765337512,0.000145198468033166,0.0017426246638653099,0.0528234812375194,0.0,0.0,0.0,0.0,0.0,0.0,0.00443510902476135,0.00312411554803419,0.00187786941487716,1.11094026629064,0.6279,0.0047,0.0,0.0005,0.00045,0.0,0.0,0.0101860063380975,0.0021810329245478153,1.4916673032818402,0.0,0.0265306492865406,0.0035147205605690897,0.0,0.0,0.000930042580555183,0.0003935412829433585,0.0014308293412843827,0.0,0.00479971119061293,0.008926026182098241,0.0,0.0021785221626044,0.0,0.0,0.000995761231016314,0.002507158564993531,0.0142855806555422,0.0,0.0034,0.0,0.0,0.0,0.000672674260701479,0.0,0.0007924171541418816,0.029710123654463,0.0304253388769469,0.00855,0.0067,0.0,0.0,0.0,0.0,0.0,0.001045688339801848,0.0398349184266634,0.00467806724568078,0.0,0.0553737106439717,0.003565,0.0,0.00226122157296844,0.0005847533403633019,0.0011287831488827,0.000601796185003824,4.3889146567718e-05,0.0009,0.0,0.00155442639454124,0.0237,0.052303516335102,0.00231094417904587,0.0,0.0,0.2505,0.0430470856413175,0.004019954132315821,0.0,0.0,0.0,0.0,0.0,0.0,0.006957949322855733,0.013283144765592718,0.0005949535905883191,0.0,0.00127239487962845,0.017725354700034997,0.0007700000000000001,0.0,0.0010483494091487401,0.00113551378354168,0.0084,0.0219228820512821,0.006587315663206779,0.00755726132656591,0.00198521731599953,0.0005306903852507049,0.00685,0.08711625025817599,0.004625694427876853,0.0022266916768585825,0.0,0.0186040567531395,0.00304842461893717,0.000568101989812804,0.0,0.0,0.0,0.0,0.0,0.10895,0.0013642866895622,0.00575082120458795,0.0011195793032353436,0.0,0.00101,0.0,0.0005849811021428815,0.00104299156625478,0.002610834926921505,0.00062,0.0,0.0,0.0,0.0,0.006521432643622829,0.00326212019271967,0.00308691882526797,0.00152136882488531,0.003080381451763568,0.0,0.0368123262745279,0.00185301958631905,0.000881765336663297,0.003200910405423096,0.00180631218557839,0.00230399513709982,0.00101296311648721,0.0,0.0,0.0,0.0,0.0,0.0,0.0254,0.0037997929500452436,0.0009458554500011887,0.0009243342669332429,0.008175,0.000957532302533999,0.00105446354774475,0.0022294433662519188,0.00114812618398185,0.0,0.0,0.0,0.0,0.0,0.0,0.0,0.0,0.00211324177734632,0.00133851213677388,0.00082781849462879,0.0002595474799036363,0.00281886334909897,0.0,0.00236,0.00230787778330656,0.00407203889630732,0.0007766671260066061,0.0007807790803803109,0.0,0.0,0.0012711469292659289,0.00196093186263662,0.0,0.0,0.0,0.0,0.00046050178675310303,0.00103460893229517,0.0,7.70996549688258e-05,0.0,0.003980407737080035,0.00084443296325628,0.00034827624696861804,0.000587870329912869,0.000265633475513208,3.29416315515091e-05,0.0009110118466807348,0.0008148749699461987,7.15152330357847e-06,0.000895233655122171,0.0,0.0,0.0,0.00186226714225943,0.00082,0.000227956552670754,0.0006799999999999999,0.0,0.00023085414200053197,0.000596236603195473,0.0,0.00023500000000000002,0.000108233333333333,0.00807172820512821,0.000925815384615385,0.0015035128205128198,0.00024144358974359,0.0328715897435897,0.849762661538461,0.5797483126373629,0.0621388528516484,0.0916612051282051,0.0,0.0054,0.0,0.6628484,0.0224284,1.2729988,0.5456191999999999
426.52,0.6902284000000001,1873.0371898355802,0.0,0.25723687593423,0.0262681017123172,0.22899999999999998,75.2161434977578,0.03718929443145,0.0,0.0292905532137519,1.31215256789726,0.8565,0.0,0.6659737325428531,0.7305,0.0232982292180256,0.13418165967969098,0.0862,0.0,0.047574436927943074,0.0,0.0623544035106187,0.00389224922516986,408648.89387145,0.314256585201794,0.0101263577801653,0.0586,0.0,0.0428,0.0,0.011436158817953115,0.436379618834081,0.617856145526341,0.0269113335334212,0.0066,0.0031537245712345047,0.0,69.9297121076233,0.5745,0.0017328516582548199,0.00422951981833411,0.0,0.0169247765337512,0.000145198468033166,0.0006882274460796129,0.00916154278283568,0.0,0.0,0.0,0.0,0.0,0.0,0.00138428513785686,0.00251588843945664,0.0039198077788665,1.05615406250788,0.6279,0.0047,0.0,0.0005,0.00045,0.0,0.0,0.0267925361065948,0.00261780781921128,1.3395568172887702,0.0,0.00489180383323561,0.0035147205605690897,0.0,0.0,0.0007307187474116345,0.0003090531017982809,0.0019202529867038813,0.0,0.00569922539832551,0.03156041140748752,0.0,0.0021785221626044,0.0,0.0,0.001505172525599422,0.00315491327824472,0.00399900261466791,0.0,0.0034,0.0,0.0,0.0,0.000672674260701479,0.0,0.0005700815125420731,0.0231723360196596,0.0033834044286886198,0.00855,0.0067,0.0,0.0,0.0,0.0,0.0,0.0008555510999982461,0.00903834498769565,0.00467806724568078,0.0,0.0111973381869924,0.003565,0.0,0.00149060336628971,0.0005847533403633019,0.00113966613841277,0.007323986786163841,4.3889146567718e-05,0.0009,0.0,0.000436393577267805,0.0237,0.031023906106439,0.000417310303340256,0.0,0.0,0.2505,0.009720139641151891,0.0005508388197928049,0.0,0.0,0.0,0.0,0.0,0.0,0.009130607873596767,0.018660707696891807,0.0005464164868500411,0.0,0.00036084486701283796,0.00235899117169084,0.0007700000000000001,0.0,0.000688571668132335,0.003212493227657655,0.0084,0.000902727952167414,0.01372614590523414,0.00216450682262087,0.0037728710834830396,0.0005933855066422855,0.00685,0.0325542665687578,0.0075926732363470265,0.0017327612359683449,0.0,0.00850876886767825,0.0106833064133136,0.000960286989252076,0.0,0.0,0.0,0.0,0.0,0.10895,0.002678912490377935,0.00037296131352927995,0.0009316265077749274,0.0,0.00101,0.0,0.0006233260998544541,0.00638469165561299,0.003311933291135,0.00062,0.0,0.0,0.0,0.0,0.00309786171498005,0.0023096227922505103,0.00221130967641767,0.0010948301388202,0.0027410564967237337,0.0,0.006383145398861629,0.0016526018628519401,0.000689260747013161,0.004151768352870363,0.00526161506915118,0.0018239827610383199,0.00101296311648721,0.0,0.0,0.0,0.0,0.0,0.0,0.0254,0.00101895566525479,0.0012328546895355793,0.000809338888858213,0.008175,0.0010095338206340247,0.001608374752047955,0.003689044700606304,0.00114812618398185,0.0,0.0,0.0,0.0,0.0,0.0,0.0,0.0,0.0011516573254069802,0.0010908253568575645,0.00082781849462879,0.0002449106521460527,0.000506270010670609,0.0,0.00236,0.00230787778330656,0.0021866316187088603,0.000981678568239734,0.000794566912689475,0.0,0.0,0.00178869474709513,0.00196093186263662,0.0,0.0,0.0,0.0,0.0003955084228304045,0.00103460893229517,0.0,7.70996549688258e-05,0.0,0.00139385834960106,0.00084443296325628,0.000510556947089887,0.0004623860109335849,0.000293967117684282,3.29416315515091e-05,0.000234943804699363,0.00103103561453202,7.15152330357847e-06,0.0009574617251224806,0.0,0.0,0.0,0.00186226714225943,0.00082,0.00050875304843142,0.0006799999999999999,0.0,0.0005964412038656531,0.000596236603195473,0.0,0.00023500000000000002,0.000224962630792227,0.000761846038863976,0.00011378923766816101,0.000203744394618834,7.47757847533632e-05,0.031008649069884337,0.765852922272048,0.34324542236547095,0.0292856270459641,0.026338624813154,0.0,0.0054,0.0,0.6628484,0.0224284,1.2729988,0.5456191999999999
436.69,0.6902284000000001,1886.6683380637,0.0,0.709649506727636,0.0953581749943532,0.22899999999999998,297.51735519814997,0.012597644905237,0.0,0.0615909090717965,3.39547005799759,0.8565,0.0,3.35986649379391,0.7305,0.0232982292180256,0.323594001643157,0.0862,0.0,0.03244859520768835,0.0,0.357024109099978,0.00418526518913452,411088.258173026,0.397455783664459,1.08350759792801,0.0586,0.0,0.0428,0.0,0.00837041523385453,4.99072531299275,3.2783110301400202,0.190121779952785,0.0066,0.004052179911699779,0.0,73.9510970251235,0.5745,0.0166582632917076,0.0140004749415683,0.0,0.0169247765337512,0.000145198468033166,0.00669361174532845,0.22291670249883602,0.0,0.0,0.0,0.0,0.0,0.0,0.0258163341186762,0.00268095479809224,0.00588954453648856,1.5805466644746,0.6279,0.0047,0.0,0.0005,0.00045,0.0,0.0,0.0433990658750921,0.00260726087432998,3.7607635451004,0.0,0.0876750208025165,0.0038499955689445067,0.0,0.0,0.000531394914268086,0.00022456492065320332,0.00240967663212338,0.0,0.0037396868729618104,0.0541947966328768,0.0,0.0021785221626044,0.0,0.0,0.00201458382018253,0.00808758345721511,0.0613860337714717,0.0,0.0034,0.0,0.0,0.0,0.0014793605446917699,0.0,0.0004264190974607677,0.0689611106440715,0.10684697944545402,0.00855,0.0067,0.0,0.0,0.0,0.0,0.0,0.0006654138601946441,0.30531179306071005,0.00467806724568078,0.0,0.235580769319284,0.003565,0.0,0.007094777841197891,0.0005847533403633019,0.00115054912794284,0.0120512837859168,4.3889146567718e-05,0.0009,0.0,0.00192473436447363,0.0237,0.11967802403134599,0.00175909139862497,0.0,0.0,0.2505,0.15848147592943398,0.0102319593182532,0.0,0.0,0.0,0.0,0.0,0.0,0.0113032664243378,0.0240382706281909,0.00040344665949120634,0.0,0.00294898727361292,0.0889814848232421,0.0007700000000000001,0.0,0.00169150567076714,0.00528947267177363,0.0084,0.09035391569431302,0.0208649761472615,0.0631429863244569,0.00556052485096655,0.000656080628033866,0.00685,0.289906375604127,0.0105596520448172,0.0012388307950781073,0.0,0.0775979646354121,0.0243687002629961,0.0013524719886913478,0.0,0.0,0.0,0.0,0.0,0.10895,0.00399353829119367,0.00834952703146937,0.000743673712314511,0.0,0.00101,0.0,0.0006616710975660268,0.0117263917449712,0.0110745478038901,0.00062,0.0,0.0,0.0,0.0,0.0328447186590172,0.00368605110774254,0.0194507687768472,0.0009927260215879205,0.0024017315416839,0.0,0.113090298811151,0.00382969911542938,0.0004967561573630251,0.00510262630031763,0.00871691795272397,0.001337107353233766,0.00101296311648721,0.0,0.0,0.0,0.0,0.0,0.0,0.0254,0.0017721296491356301,0.0015198539290699699,0.000573143710509559,0.008175,0.00106153533873405,0.00216228595635116,0.0051486460349606895,0.00114812618398185,0.0,0.0,0.0,0.0,0.0,0.0,0.0,0.0,0.004724222611846671,0.000843138576941249,0.0018381280100538198,0.00023027382438846913,0.0107670115229585,0.0,0.00236,0.00230787778330656,0.00238532343055937,0.001186690010472862,0.000808354744998639,0.0,0.0,0.00294548687202826,0.00196093186263662,0.0,0.0,0.0,0.0,0.000330515058907706,0.00103460893229517,0.0,7.70996549688258e-05,0.0,0.00543156205061655,0.00084443296325628,0.000672837647211156,0.00033690169195430073,0.00021832352657593377,3.29416315515091e-05,0.00119654300257701,0.0009962863425334249,7.15152330357847e-06,0.0010196897951227901,0.0,0.0,0.0,0.000517280929034915,0.00082,0.0003520170407492263,0.0006799999999999999,0.0,0.0004013826294543279,0.000596236603195473,0.0,0.00023500000000000002,0.00041822926521602004,0.0138551140544518,0.0030159592137075602,0.00438015268579838,0.000440860664354042,0.029145708396178967,0.674695712971723,1.6097485761589398,0.18377572090823102,0.686698190633869,0.0,0.0054,0.0,0.6628484,0.0224284,1.2729988,0.5456191999999999
446.65,0.6902284000000001,1879.7094588989398,0.0,0.387206366515837,0.0234003882178171,0.22899999999999998,112.965838989442,0.01845414989298905,0.0,0.0328775406485671,1.4825123355954999,0.8565,0.0,1.13045951101176,0.7305,0.01249430415283312,0.16108905103961,0.0862,0.0,0.017322753487433618,0.0,0.0622003098778201,0.00447828115309918,408618.00716440397,0.225937387160633,0.0507947872032483,0.0586,0.0,0.0428,0.0,0.0050398585706895455,1.19342598340875,1.23707703152823,0.0483372865707347,0.0066,0.004970573634865585,0.0,69.55698290912521,0.5745,0.0106364459503141,0.00833446819893667,0.0,0.008722929143674615,0.000145198468033166,0.00493047573680586,0.0181533905988275,0.0,0.0,0.0,0.0,0.0,0.0,0.005975536139548729,0.001500188546853986,0.00713229556778025,1.21926682936102,0.6279,0.0047,0.0,0.0005,0.00045,0.0,0.0,0.0115059237891565,0.002811067766519235,1.31003275999521,0.0,0.0240980640035864,0.004185270577319923,0.0,0.0,0.0003320710811245374,0.0001400767395081258,0.0012822512473829,0.0,0.00426478665105152,0.0109228641685768,0.0,0.0021785221626044,0.0,0.0,0.0012186174672555164,0.004255813883566508,0.00685725940893027,0.0,0.0034,0.0,0.0,0.0,0.00206128859850648,0.0,0.00028275668237946234,0.0272094874836147,0.011494877739356002,0.00855,0.0067,0.0,0.0,0.0,0.0,0.0,0.0004752766203910421,0.0144103824620501,0.00125100325342446,0.0,0.0456078294853848,0.003565,0.0,0.004006811936900813,0.00030784989769650856,0.0011614321174729099,0.0046380901434268,4.3889146567718e-05,0.0009,0.0,0.000668515738929806,0.0237,0.0212403180490957,0.000953581762809583,0.0,0.0,0.2505,0.0190064195033146,0.00639269371136423,0.0,0.0,0.0,0.0,0.0,0.0,0.00217778845943325,0.013740924663361234,0.0002604768321323717,0.0,0.0015451524338569189,0.0116045681916292,0.0007700000000000001,0.0,0.00256744257611028,0.00400717338557805,0.0084,0.0183875942684766,0.01280069868022259,0.0016722189635031699,0.0029845802196980815,0.0007982099696870969,0.00685,0.0608754299856829,0.00132400530597203,0.0007449003541878697,0.0,0.0239040496555805,0.00615285439352784,0.0017446569881306199,0.0,0.0,0.0,0.0,0.0,0.10895,0.0029521424242268104,0.000708974207333233,0.000769659140794997,0.0,0.00101,0.0,0.0007000160952775994,0.0009440010411129381,0.006936603488914324,0.00062,0.0,0.0,0.0,0.0,0.0054617326946793205,0.000868313383999091,0.00172981362780821,0.0008906219043556407,0.0006684325114721981,0.0,0.0176705203489308,0.0017311562002299199,0.000304251567712889,0.002665171634134079,0.004639763188543568,0.000850231945429212,0.00101296311648721,0.0,0.0,0.0,0.0,0.0,0.0,0.0254,0.0011074451291109455,0.00106263023150937,0.00033694853216090497,0.008175,0.0006100597367612165,0.001145226849745884,0.000630137941082863,0.0006313742664685389,0.0,0.0,0.0,0.0,0.0,0.0,0.0,0.0,0.0025817086832627695,0.0005141552561278415,0.0009759429391750639,0.00021563699663088557,0.00108080065092865,0.0,0.00236,0.000765331863039434,0.0020878895875646396,0.00139170145270599,0.000822142577307803,0.0,0.0,0.001580801452313918,0.00196093186263662,0.0,0.0,0.0,0.0,0.0001804076800410302,0.0005562567221059022,0.0,7.70996549688258e-05,0.0,0.0033473172278277,0.0009709956696277401,0.0003736730388297661,0.00021141737297501658,0.00014267993546758558,3.29416315515091e-05,0.000727766768836619,0.00096153707053483,7.15152330357847e-06,0.0005361899073547125,0.0,0.0,0.0,0.0002793909960862414,0.00082,0.0001952810330670325,0.0006799999999999999,0.0,0.0002063240550430028,0.000596236603195473,0.0,0.00023500000000000002,0.000246523378582202,0.0041391568627451,0.000775339366515837,0.000204441930618401,0.000562683257918552,0.0272827677224736,0.580758666666667,0.6455188074095021,0.0600027217760181,0.31638200452488696,0.0,0.0054,0.0,0.6628484,0.0224284,1.2729988,0.5456191999999999
461.84,0.6902284000000001,1873.9630963294896,0.0,0.20762364697880897,0.0273103680303371,0.22899999999999998,85.48889736513371,0.0243106548807411,0.0,0.028210207141322996,1.24369668864238,0.8565,0.0,1.0182109690303298,0.7305,0.00169037908764064,0.146136051548818,0.0862,0.0,0.00219691176717888,0.0,0.0694941059098394,0.000302222126907226,408535.919694139,0.524512691831329,0.113301986501103,0.0586,0.0,0.0428,0.0,0.00170930190752456,0.282530855383734,1.5804286375463998,0.0213259173035918,0.0066,0.005888967358031391,0.0,62.00002173181561,0.5745,0.0046146286089206,0.0026684614563050398,0.0,0.0005210817535980309,0.000145198468033166,0.00119716527328345,0.0141213974587431,0.0,0.0,0.0,0.0,0.0,0.0,0.00194557168303962,0.00031942229561573196,0.00313024948807085,1.2210051504638402,0.6279,0.0047,0.0,0.0005,0.00045,0.0,0.0,0.0100639448997372,0.00301487465870849,1.5010030742299099,0.0,0.0128454268272118,0.00452054558569534,0.0,0.0,0.000132747247980989,5.5588558363048205e-05,0.00015482586264242,0.0,0.000577535415069415,0.0108599368466295,0.0,0.0021785221626044,0.0,0.0,0.00042265111432850295,0.000424044309917906,0.0194030441200075,0.0,0.0034,0.0,0.0,0.0,0.00264321665232119,0.0,0.000139094267298157,0.0235460840032964,0.0171976175792654,0.00855,0.0067,0.0,0.0,0.0,0.0,0.0,0.00028513938058744,0.0673275811421508,0.000241465095610373,0.0,0.0234411701550093,0.003565,0.0,0.000918846032603736,3.09464550297152e-05,0.00117231510700298,0.0063349182762952394,4.3889146567718e-05,0.0009,0.0,0.000299685174403071,0.0237,0.0108286352748269,0.000399829758853621,0.0,0.0,0.2505,0.0207335545000645,0.00255342810447526,0.0,0.0,0.0,0.0,0.0,0.0,0.0022772001897398697,0.00344357869853157,0.000117507004773537,0.0,0.000141317594100918,0.008320546830939921,0.0007700000000000001,0.0,0.0010543962757888301,0.0018642485227432699,0.0084,0.038650797788029836,0.00473642121318368,0.00237971251470657,0.000408635588429613,0.000940339311340328,0.00685,0.028295254622307996,0.0020104907518675103,0.000250969913297632,0.0,0.0165393554312541,0.0108012877761616,0.0002218381619602,0.0,0.0,0.0,0.0,0.0,0.10895,0.00191074655725995,0.00124587904781364,0.00014493997069464,0.0,0.00101,0.0,0.000738361092989172,0.000835209397931719,0.00279865917393855,0.00062,0.0,0.0,0.0,0.0,0.00557665039773237,0.00178108104921668,0.0007363128103459389,0.000788517787123361,0.000150061080374381,0.0,0.0125552523705111,0.0009372994124609279,0.000111746978062753,0.00022771696795052798,0.0005626084243631651,0.000363356537624658,9.758069824486541e-05,0.0,0.0,0.0,0.0,0.0,0.0,0.0254,0.000442760609086261,7.60202252409588e-05,0.000100753353812251,0.008175,0.000158584134788383,0.00012816774314060802,0.000595718068046252,0.00011462234895522801,0.0,0.0,0.0,0.0,0.0,0.0,0.0,0.0,0.000439194754678868,0.000185171935314434,0.00011375786829630801,0.000201000168873302,0.0027898223413461397,0.0,0.00236,0.000954900852278461,0.00137080935479839,0.00107123308912155,8.02020304512288e-05,0.0,0.0,0.000216116032599576,0.00196093186263662,0.0,0.0,0.0,0.0,3.03003011743544e-05,7.790451191663441e-05,0.0,7.70996549688258e-05,0.0,0.00126307240503885,0.0010975583759992,7.450843044837621e-05,8.593305399573241e-05,6.70363443592374e-05,3.29416315515091e-05,0.000258990535096228,0.000926787798536235,7.15152330357847e-06,5.26900195866347e-05,0.0,0.0,0.0,4.15010631375678e-05,0.00082,3.8545025384838794e-05,0.0006799999999999999,0.0,1.12654806316777e-05,2.92499030896135e-05,0.0,0.00023500000000000002,7.68313287514318e-06,0.00183014454467354,2.40515463917526e-05,0.0001826034354287225,0.00018352090492554398,0.0272827677224736,0.7351037592353951,0.253903676573239,0.02027395854811,0.0324338258877434,0.0,0.0054,0.0,0.6628484,0.0224284,1.2729988,0.5456191999999999
467.74,0.6902284000000001,1875.8665936255,0.0,0.26898717131474104,0.0255119277040572,0.22899999999999998,67.7720916334661,0.02784862368113535,0.0,0.0283083201588467,0.8363202159257859,0.8565,0.0,0.6478795326259399,0.7305,0.026039310992548668,0.12328856400126599,0.0862,0.0,0.00219691176717888,0.0,0.2165585770677757,0.0013755486579557698,408023.28685259,0.206066700697314,0.7884686811180516,0.0586,0.0,0.0428,0.0,0.011281949620394981,0.26499467729083703,2.7775246235987847,0.17343369879295992,0.0066,0.006807361081197198,0.0,69.3853323613542,0.5745,0.023059055019484652,0.01050011259703997,0.0,0.021344285810940316,0.000145198468033166,0.00333305795223787,0.16363819877879004,0.0,0.0,0.0,0.0,0.0,0.0,0.00432458734756904,0.00031942229561573196,0.006523947146946705,1.08514222305166,0.6279,0.0047,0.0,0.0005,0.00045,0.0,0.0,0.00116379882039154,0.00301487465870849,3.374870855539595,0.0,0.07012189470535739,0.004624668245086843,0.0,0.0,0.000132747247980989,5.5588558363048205e-05,0.000410474250315069,0.0,0.0013978309845025,0.05856121271309975,0.0,0.0021785221626044,0.0,0.0,0.0017527402331506767,0.0041897492701041235,0.06433372165477526,0.0,0.0034,0.0,0.0,0.0,0.00339175738128626,0.0,0.000139094267298157,0.00932699056930497,0.06159959499726671,0.00855,0.0067,0.0,0.0,0.0,0.0,0.0,0.000266206634851878,0.28719482311919686,0.0032852063770582116,0.0,0.15308876848291614,0.003565,0.0,0.007861367136539218,0.00011053391651764614,0.0009998712650982609,0.016048714462805622,4.3889146567718e-05,0.0009,0.0,0.0018568748197208156,0.0237,0.09560497690839646,0.0013744571291582355,0.0,0.0,0.2505,0.14880632844668726,0.01082826914891378,0.0,0.0,0.0,0.0,0.0,0.0,0.008377161320734485,0.021208472601593233,0.00019351074836630033,0.0,0.000315242074050815,0.000439578906701552,0.0007700000000000001,0.0,0.00185112619756135,0.00340754015347284,0.0084,0.05891400130758308,0.01880704522352869,0.04733502247974298,0.005005633858181521,0.001363247177427529,0.00685,0.00447178270718384,0.010119743911858055,0.000634834363213209,0.0,0.06541952858639005,0.00978413184165989,0.0004953527484043767,0.0,0.0,0.0,0.0,0.0,0.10895,0.005930253895124136,0.000208219023432504,0.00014493997069464,0.0,0.00101,0.0,0.000468817568499975,0.011078156503012809,0.010421889162959825,0.00062,0.0,0.0,0.0,0.0,0.00132517254611551,0.0028251237355778397,0.02046603325854732,0.000788517787123361,0.003066945684482576,0.0,0.00366428514976431,0.00523943052943366,0.00023210147284435568,0.0019130124294030539,0.011140252592419683,0.000690434275250073,0.00027796865864651403,0.0,0.0,0.0,0.0,0.0,0.0,0.0254,0.0013539669191265855,0.0009974513688328292,0.00016392049900223668,0.008175,0.0014016811858451066,0.002050233832566629,0.00205020178986808,0.0014875693268974989,0.0,0.0,0.0,0.0,0.0,0.0,0.0,0.0,0.0061047152317257845,0.000274626564787823,0.002346694816974819,0.0025844182500525145,0.01057946224480477,0.0,0.00236,0.00249006551287822,0.00218419003598445,0.0017234575073371,8.02020304512288e-05,0.0,0.0,0.001409249062195103,0.001608846949617447,0.0,0.0,0.0,0.0,3.03003011743544e-05,0.0013277982736056224,0.0,0.0007118101578062138,0.0,0.006047542552933525,0.0016007168118596501,0.0010121571955109831,8.593305399573241e-05,6.70363443592374e-05,3.29416315515091e-05,0.000812956201168879,0.000226168008119491,7.15152330357847e-06,0.0012966057727311824,0.0,0.0,0.0,4.15010631375678e-05,0.00082,0.0003125786370899602,0.0006799999999999999,0.0,1.12654806316777e-05,3.547424202743838e-05,0.0,0.00023500000000000002,8.478087649402389e-06,0.0044675219123506,0.0004884780876494019,0.000160764940239044,2.69482071713147e-05,0.0272827677224736,0.43728530677290794,0.337133330108139,0.0212600503699488,0.3509230907814452,0.0,0.0054,0.0,0.6628484,0.0224284,1.2729988,0.5456191999999999
471.01,0.6902284000000001,1888.06622351477,0.0,0.682697066626803,0.09494857831468,0.22899999999999998,319.546505762122,0.0313865924815296,0.0,0.0585510350190863,3.5724597903801296,0.8565,0.0,3.6060346188227497,0.7305,0.0503882428974567,0.36041872350419296,0.0862,0.0,0.00219691176717888,0.0,0.363623048225712,0.0013755486579557698,410695.39942258,0.404281773592085,1.463635375735,0.0586,0.0,0.0428,0.0,0.0208545973332654,4.9797836822316395,3.97462060965117,0.32554148028232804,0.0066,0.007725754804363004,0.0,62.65679749251039,0.5745,0.0415034814300487,0.0183317637377749,0.0,0.0421674898682826,0.000145198468033166,0.0130362734495811,0.31315500009883696,0.0,0.0,0.0,0.0,0.0,0.0,0.0268805956269971,0.00031942229561573196,0.00991764480582256,1.66509063154389,0.6279,0.0047,0.0,0.0005,0.00045,0.0,0.0,0.0436312688437301,0.00301487465870849,5.24873863684928,0.0,0.12739836258350298,0.004728790904478347,0.0,0.0,0.000132747247980989,5.5588558363048205e-05,0.0009923911626309244,0.0,0.0013978309845025,0.10626248857957,0.0,0.0021785221626044,0.0,0.0,0.00308282935197285,0.007955454230290341,0.10926439918954302,0.0,0.0034,0.0,0.0,0.0,0.0041402981102513295,0.0,0.000139094267298157,0.118079253621219,0.10600157241526802,0.00855,0.0067,0.0,0.0,0.0,0.0,0.0,0.000247273889116316,0.507062065096243,0.00632894765850605,0.0,0.282736366810823,0.003565,0.0,0.0148038882404747,0.00019012137800557708,0.000827427423193542,0.025762510649316003,4.3889146567718e-05,0.0009,0.0,0.0034140644650385603,0.0237,0.180381318541966,0.00234908449946285,0.0,0.0,0.2505,0.27687910239331,0.0191031101933523,0.0,0.0,0.0,0.0,0.0,0.0,0.0144771224517291,0.0389733665046549,0.00026951449195906365,0.0,0.00514953953553388,0.10173307277731099,0.0007700000000000001,0.0,0.004214327326093639,0.0105615164946217,0.0084,0.0791772048271363,0.0328776692338737,0.0922903324447794,0.00960263212793343,0.00178615504351473,0.00685,0.31707337689205395,0.0182289970718486,0.001018698813128786,0.0,0.114299701741526,0.0518190520827857,0.0007688673348485533,0.0,0.0,0.0,0.0,0.0,0.10895,0.009949761232988321,0.0131370469959041,0.00014493997069464,0.0,0.00101,0.0,0.000199274044010778,0.0213211036080939,0.0180451191519811,0.00062,0.0,0.0,0.0,0.0,0.0314669768492505,0.00918366765019,0.0401957537067487,0.000788517787123361,0.00598383028859077,0.0,0.132433759526417,0.00954156164640639,0.00035245596762595836,0.0035983078908555797,0.0217178967604762,0.0009766096454789566,0.0002519724934891234,0.0,0.0,0.0,0.0,0.0,0.0,0.0254,0.00226517322916691,0.0019188825124247,0.00022708764419222235,0.008175,0.00264477823690183,0.00397229992199265,0.00645048473914748,0.0028605163048397698,0.0,0.0,0.0,0.0,0.0,0.0,0.0,0.0,0.0117702357087727,0.0006718503652456186,0.00457963176565333,0.004967836331231728,0.0183691021482634,0.0,0.00236,0.00601704208064639,0.00315090814050454,0.00024207723457568903,8.02020304512288e-05,0.0,0.0,0.00260238209179063,0.0012567620365982741,0.0,0.0,0.0,0.0,3.03003011743544e-05,0.00257769203529461,0.0,0.001346520660643602,0.0,0.0108320127008282,0.0021038752477201,0.0019498059605735898,8.593305399573241e-05,6.70363443592374e-05,3.29416315515091e-05,0.00136692186724153,0.00034235894376707146,7.15152330357847e-06,0.00254052152587573,0.0,0.0,0.0,4.15010631375678e-05,0.00082,0.0005866122487950817,0.0006799999999999999,0.0,1.12654806316777e-05,4.169858096526326e-05,0.0,0.00023500000000000002,0.000851130620183132,0.0205722005327245,0.00419348695368558,0.00383223630136986,0.000732418732333116,0.0272827677224736,0.467627671426155,1.5987643623763301,0.19168831266267103,0.6694123556751469,0.0,0.0054,0.0,0.6628484,0.0224284,1.2729988,0.5456191999999999
473.78,0.6902284000000001,1873.1656440460897,0.0,0.12675901379997198,0.09494857831468,0.22899999999999998,71.7340230473752,0.0313865924815296,0.0,0.0325551207441655,1.29785690916305,0.8565,0.0,0.673031182917614,0.7305,0.0503882428974567,0.129238730780116,0.0862,0.0,0.00219691176717888,0.0,0.0238488452356307,0.0013755486579557698,408342.528382416,0.4403048260807,0.0710971058665009,0.0586,0.0,0.0428,0.0,0.0133687004819521,0.250736454118651,1.94924869296794,0.0455986808609476,0.0066,0.00864414852752881,0.0,72.8760603414426,0.5745,0.0415034814300487,0.00560922643315939,0.0,0.0421674898682826,0.000145198468033166,0.00233457490295693,0.0515644432878214,0.0,0.0,0.0,0.0,0.0,0.0,0.0121105083687756,0.00031942229561573196,0.00346245362394841,1.13158680559266,0.6279,0.0047,0.0,0.0005,0.00045,0.0,0.0,0.0208561883209459,0.00301487465870849,3.52383502196491,0.0,0.0464605540480268,0.00483291356386985,0.0,0.0,0.000132747247980989,5.5588558363048205e-05,0.00157430807494678,0.0,0.0013978309845025,0.0758096230208131,0.0,0.0021785221626044,0.0,0.0,0.00308282935197285,0.0036501934559289603,0.00568949677749278,0.0,0.0034,0.0,0.0,0.0,0.0041402981102513295,0.0,0.000139094267298157,0.0664760236213038,0.07957093888337051,0.00855,0.0067,0.0,0.0,0.0,0.0,0.0,0.000228341143380754,0.30909394087491604,0.000759488985433204,0.0,0.14290985771613088,0.003565,0.0,0.0111228506031324,0.00026970883949350803,0.000654983581288823,0.0349198712720368,4.3889146567718e-05,0.0009,0.0,0.000361914893906808,0.0237,0.0747045469031721,0.00234908449946285,0.0,0.0,0.2505,0.05955638279099501,0.000764651548262802,0.0,0.0,0.0,0.0,0.0,0.0,0.0025441413711328,0.005915648806337629,0.000345518235551827,0.0,0.00075775534151971,0.0521132154477577,0.0007700000000000001,0.0,0.00305229594839778,0.00172294624669421,0.0084,0.0034850846493099997,0.0328776692338737,0.00886646961569408,0.00960263212793343,0.00260159158579842,0.00685,0.0759288115016892,0.0101656890149871,0.0014025632630443629,0.0,0.0830371651264958,0.0223769131036456,0.00104238192129273,0.0,0.0,0.0,0.0,0.0,0.10895,0.00216357078548603,0.0009586110722017961,0.00014493997069464,0.0,0.00101,0.0,0.000199274044010778,0.000758265162060394,0.0180451191519811,0.00062,0.0,0.0,0.0,0.0,0.00243153240686811,0.00472432097029218,0.00687012049924787,0.000788517787123361,0.00598383028859077,0.0,0.0150136341478689,0.00597409568803961,0.000472810462407561,0.0005397383908077429,0.0169077757648809,0.00126278501570784,0.0002259763283317328,0.0,0.0,0.0,0.0,0.0,0.0,0.0254,0.00483812119246379,0.0019188825124247,0.000290254789382208,0.008175,0.00208884580448393,0.00397229992199265,0.00402029150455162,0.0009197412375437449,0.0,0.0,0.0,0.0,0.0,0.0,0.0,0.0,0.00236913285698693,0.0010690741657034143,0.00457963176565333,0.00735125441241094,0.00269872206220987,0.0,0.00236,0.0005211250107461981,0.00483461739287027,0.000532039291746174,8.02020304512288e-05,0.0,0.0,0.000692173965478905,0.0009046771235791009,0.0,0.0,0.0,0.0,3.03003011743544e-05,0.00257769203529461,0.0,0.00198123116348099,0.0,0.00639456485510978,0.0005208611221981161,0.0019498059605735898,8.593305399573241e-05,6.70363443592374e-05,3.29416315515091e-05,0.000446740852516403,0.00045854987941465193,7.15152330357847e-06,0.0019692567939110193,0.0,0.0,0.0,4.15010631375678e-05,0.00082,0.000860645860500203,0.0006799999999999999,0.0,1.12654806316777e-05,4.7922919903088145e-05,0.0,0.00023500000000000002,0.000210192061459667,0.00399378062313274,0.000246750320102433,4.74519846350832e-05,0.000414413999146394,0.0272827677224736,0.796981598520415,0.327817950992318,0.0318869893854033,0.0580285047659695,0.0,0.0054,0.0,0.6628484,0.0224284,1.2729988,0.5456191999999999
526.35,0.6902284000000001,1870.7386091578799,0.0,0.0796378421647413,0.09494857831468,0.22899999999999998,76.29828185166579,0.0313865924815296,0.0,0.030726225415411,1.15069309550436,0.8565,0.0,0.7003129978435999,0.7305,0.0503882428974567,0.144026996988306,0.0862,0.0,0.00219691176717888,0.0,0.0521150007424006,0.0013755486579557698,408593.338774485,0.48807783457852,0.18424495880476693,0.0586,0.0,0.0428,0.0,0.0120033455948451,0.29117079482672,2.0040886906143003,0.0465421139644871,0.0066,0.0114369224008036,0.0,70.5306822471957,0.5745,0.0415034814300487,0.00980798410315131,0.0,0.0421674898682826,0.000145198468033166,0.007066326055948615,0.0269335342194239,0.0,0.0,0.0,0.0,0.0,0.0,0.0139815970721129,0.00031942229561573196,0.009233445613654703,1.06058058168716,0.6279,0.0047,0.0,0.0005,0.00045,0.0,0.0,0.0058468709430243,0.00301487465870849,3.40441956218618,0.0,0.0532654633380534,0.00337127002728375,0.0,0.0,0.000132747247980989,5.5588558363048205e-05,0.00157430807494678,0.0,0.0013978309845025,0.07301040201851201,0.0,0.0021785221626044,0.0,0.0,0.00308282935197285,0.00332814042507934,0.00527434830540774,0.0,0.0034,0.0,0.0,0.0,0.0041402981102513295,0.0,0.000139094267298157,0.0453230947492093,0.053140305351473,0.00855,0.0067,0.0,0.0,0.0,0.0,0.0,0.00020940839764519201,0.235542402291752,0.000759488985433204,0.0,0.0030833486214387603,0.003565,0.0,0.0067441548211789795,0.00026970883949350803,0.000654983581288823,0.0345355394941861,4.3889146567718e-05,0.0009,0.0,0.000361914893906808,0.0237,0.0755801201583198,0.00234908449946285,0.0,0.0,0.2505,0.0524897373509542,0.000764651548262802,0.0,0.0,0.0,0.0,0.0,0.0,0.0025441413711328,0.005915648806337629,0.000345518235551827,0.0,0.00075775534151971,0.00249335811820442,0.0007700000000000001,0.0,0.0040384396213159895,0.00550505757598807,0.0084,0.011323476668089348,0.0328776692338737,0.00886646961569408,0.00960263212793343,0.00341702812808211,0.00685,0.0816905709590836,0.00917570681830442,0.00178642771295994,0.0,0.0888638826335552,0.0237465086862388,0.0007388148309672596,0.0,0.0,0.0,0.0,0.0,0.10895,0.00216357078548603,0.003507817518069098,0.00014493997069464,0.0,0.00101,0.0,0.000199274044010778,0.000758265162060394,0.0180451191519811,0.00062,0.0,0.0,0.0,0.0,0.0020147434280929897,0.00715302345189547,0.0068973785235113,0.000788517787123361,0.00598383028859077,0.0,0.00891696883050766,0.00597409568803961,0.00034987561445683636,0.0005397383908077429,0.0169519609860059,0.0009185686370812114,0.00019998016317434222,0.0,0.0,0.0,0.0,0.0,0.0,0.0254,0.00789983359635368,0.0019188825124247,0.000290254789382208,0.008175,0.00208884580448393,0.00397229992199265,0.0015900982699557599,0.0009197412375437449,0.0,0.0,0.0,0.0,0.0,0.0,0.0,0.0,0.00188157529319826,0.00146629796616121,0.00457963176565333,0.0066779182419423105,0.00269872206220987,0.0,0.00236,0.00152356758772359,0.006149807687491129,0.000532039291746174,8.02020304512288e-05,0.0,0.0,0.00153970900190071,0.0006502004310071866,0.0,0.0,0.0,0.0,3.03003011743544e-05,0.00257769203529461,0.0,0.00198123116348099,0.0,0.00639456485510978,0.0005208611221981161,0.0019498059605735898,8.593305399573241e-05,6.70363443592374e-05,3.29416315515091e-05,0.000446740852516403,0.00045854987941465193,7.15152330357847e-06,0.001397992061946309,0.0,0.0,0.0,4.15010631375678e-05,0.00082,0.0005955869759762068,0.0006799999999999999,0.0,1.12654806316777e-05,5.414725884091303e-05,0.0,0.00023500000000000002,0.000278101456554495,0.00619134040683074,0.000388551607232546,0.000152373179306881,0.00048759417378201904,0.0272827677224736,0.6655541461577099,0.32443277756152694,0.0319355131278252,0.027990953038674,0.0,0.0054,0.0,0.6628484,0.0224284,1.2729988,0.5456191999999999
575.45,0.6902284000000001,1878.8523148148101,0.0,0.350813194444444,0.09494857831468,0.22899999999999998,119.47218013468,0.0313865924815296,0.0,0.0310943336489899,1.7005068633821898,0.8565,0.0,1.13347784806464,0.7305,0.0503882428974567,0.196958195353855,0.0862,0.0,0.00219691176717888,0.0,0.282193547077691,0.0013755486579557698,408671.254208754,0.32223698758417496,0.297392811743033,0.0586,0.0,0.0428,0.0,0.024501449792014,1.06256561447811,2.22868606079642,0.0950026190202174,0.0066,0.0114369224008036,0.0,77.3215877525252,0.5745,0.0415034814300487,0.00487139684060314,0.0,0.0421674898682826,0.000145198468033166,0.0117980772089403,0.12211243872122,0.0,0.0,0.0,0.0,0.0,0.0,0.0139815970721129,0.00031942229561573196,0.015004437603360999,1.18181856787178,0.6279,0.0047,0.0,0.0005,0.00045,0.0,0.0,0.0119347405037157,0.00301487465870849,2.40640628740808,0.0,0.0431951355978718,0.001909626490697649,0.0,0.0,0.000132747247980989,5.5588558363048205e-05,0.00157430807494678,0.0,0.0013978309845025,0.07301040201851201,0.0,0.0021785221626044,0.0,0.0,0.00308282935197285,0.00679346144635487,0.0107660967660583,0.0,0.0034,0.0,0.0,0.0,0.0041402981102513295,0.0,0.000139094267298157,0.0242598483703958,0.0267096718195755,0.00855,0.0067,0.0,0.0,0.0,0.0,0.0,0.00019047565190963002,0.134503297700147,0.000759488985433204,0.0,0.0664865910376881,0.003565,0.0,0.0067441548211789795,0.00026970883949350803,0.000654983581288823,0.0290813239582407,4.3889146567718e-05,0.0009,0.0,0.000361914893906808,0.0237,0.0365199993638396,0.00234908449946285,0.0,0.0,0.2505,0.0530482859871997,0.000764651548262802,0.0,0.0,0.0,0.0,0.0,0.0,0.0025441413711328,0.005915648806337629,0.000345518235551827,0.0,0.00075775534151971,0.0226030842966759,0.0007700000000000001,0.0,0.002054911099740925,0.00928716890528193,0.0084,0.0191618686868687,0.0328776692338737,0.00886646961569408,0.00960263212793343,0.0042324646703658,0.00685,0.10072781694886,0.00485584955923517,0.00364648910341695,0.0,0.0322075529149501,0.025116104268832002,0.00043524774064178926,0.0,0.0,0.0,0.0,0.0,0.10895,0.00216357078548603,0.0060570239639364,0.00014493997069464,0.0,0.00101,0.0,0.000199274044010778,0.000758265162060394,0.0180451191519811,0.00062,0.0,0.0,0.0,0.0,0.00411253134029652,0.0038772325097217396,0.0068973785235113,0.000788517787123361,0.00598383028859077,0.0,0.0464787812142604,0.00597409568803961,0.00022694076650611164,0.0005397383908077429,0.00530005941363179,0.0005743522584545827,0.0001739839980169516,0.0,0.0,0.0,0.0,0.0,0.0,0.0254,0.00718972599316532,0.0019188825124247,0.000290254789382208,0.008175,0.00208884580448393,0.00397229992199265,0.00324573783349376,0.0009197412375437449,0.0,0.0,0.0,0.0,0.0,0.0,0.0,0.0,0.0038407060941400796,0.0029930343764708396,0.00457963176565333,0.0066779182419423105,0.00269872206220987,0.0,0.00236,0.00310993418129866,0.00566746226871341,0.000532039291746174,8.02020304512288e-05,0.0,0.0,0.00314288233278757,0.0003957237384352723,0.0,0.0,0.0,0.0,3.03003011743544e-05,0.00257769203529461,0.0,0.00198123116348099,0.0,0.00639456485510978,0.0005208611221981161,0.0019498059605735898,8.593305399573241e-05,6.70363443592374e-05,3.29416315515091e-05,0.000446740852516403,0.00045854987941465193,7.15152330357847e-06,0.0008267273299815984,0.0,0.0,0.0,4.15010631375678e-05,0.00082,0.00033052809145221057,0.0006799999999999999,0.0,1.12654806316777e-05,6.037159777873791e-05,0.0,0.00023500000000000002,0.000278101456554495,0.00784976851851852,0.000793118686868687,0.000764562289562289,0.000995286195286195,0.0272827677224736,0.864903409090909,0.62369658543771,0.0616144566919192,0.0571356481481481,0.0,0.0054,0.0,0.6628484,0.0224284,1.2729988,0.5456191999999999
621.47,0.6902284000000001,1882.7593063516897,0.0,0.47060632991720197,0.09494857831468,0.22899999999999998,171.79509582537202,0.0313865924815296,0.0,0.0297234456136129,2.12202234514674,0.8565,0.0,1.74132182105733,0.7305,0.0503882428974567,0.253012964400573,0.0862,0.0,0.00219691176717888,0.0,0.42974524693155103,0.0013755486579557698,409080.136645243,0.293699501606013,0.725086343287938,0.0586,0.0,0.0428,0.0,0.000823644934018126,2.08870109594117,2.33619899381313,0.0950026190202174,0.0066,0.0114369224008036,0.0,76.6979094783162,0.5745,0.0415034814300487,0.00487139684060314,0.0,0.0421674898682826,0.000145198468033166,0.0287654049575718,0.297727645612523,0.0,0.0,0.0,0.0,0.0,0.0,0.0139815970721129,0.00031942229561573196,0.0375198274298262,1.22476765723304,0.6279,0.0047,0.0,0.0005,0.00045,0.0,0.0,0.0119347405037157,0.00301487465870849,1.9627890428314998,0.0,0.0584063629372612,0.00044798295411154805,0.0,0.0,0.000132747247980989,5.5588558363048205e-05,0.00157430807494678,0.0,0.0013978309845025,0.07301040201851201,0.0,0.0021785221626044,0.0,0.0,0.00308282935197285,0.00679346144635487,0.0107660967660583,0.0,0.0034,0.0,0.0,0.0,0.0041402981102513295,0.0,0.000139094267298157,0.0242598483703958,0.0653913423767213,0.00855,0.0067,0.0,0.0,0.0,0.0,0.0,0.000171542906174068,0.132448566048018,0.000759488985433204,0.0,0.14696131318118,0.003565,0.0,0.0067441548211789795,0.00026970883949350803,0.000654983581288823,0.0380169462204724,4.3889146567718e-05,0.0009,0.0,0.000361914893906808,0.0237,0.0365199993638396,0.00234908449946285,0.0,0.0,0.2505,0.000624075155975765,0.000764651548262802,0.0,0.0,0.0,0.0,0.0,0.0,0.0025441413711328,0.005915648806337629,0.000345518235551827,0.0,0.00075775534151971,0.0427006594310264,0.0007700000000000001,0.0,7.13825781658605e-05,0.0227720030165417,0.0084,0.0467193850964044,0.0328776692338737,0.00886646961569408,0.00960263212793343,0.0103193561167264,0.00685,0.12595665656377197,0.00485584955923517,0.00012169365837646102,0.0,0.00121169615948318,0.0634211455665777,0.00013168065031631898,0.0,0.0,0.0,0.0,0.0,0.10895,0.00216357078548603,0.014767893452021003,0.00014493997069464,0.0,0.00101,0.0,0.000199274044010778,0.000758265162060394,0.0180451191519811,0.00062,0.0,0.0,0.0,0.0,0.00411253134029652,0.0038772325097217396,0.0068973785235113,0.000788517787123361,0.00598383028859077,0.0,0.0689441155364037,0.00597409568803961,0.000104005918555387,0.0005397383908077429,0.00530005941363179,0.000230135879827954,0.000147987832859561,0.0,0.0,0.0,0.0,0.0,0.0,0.0254,0.000126324145228275,0.0019188825124247,0.000290254789382208,0.008175,0.00208884580448393,0.00397229992199265,0.00324573783349376,0.0009197412375437449,0.0,0.0,0.0,0.0,0.0,0.0,0.0,0.0,0.0038407060941400796,0.0029930343764708396,0.00457963176565333,0.0066779182419423105,0.00269872206220987,0.0,0.00236,0.00310993418129866,0.000234601753462492,0.000532039291746174,8.02020304512288e-05,0.0,0.0,0.00314288233278757,0.000141247045863358,0.0,0.0,0.0,0.0,3.03003011743544e-05,0.00257769203529461,0.0,0.00198123116348099,0.0,0.00639456485510978,0.0005208611221981161,0.0019498059605735898,8.593305399573241e-05,6.70363443592374e-05,3.29416315515091e-05,0.000446740852516403,0.00045854987941465193,7.15152330357847e-06,0.000255462598016888,0.0,0.0,0.0,4.15010631375678e-05,0.00082,6.546920692821429e-05,0.0006799999999999999,0.0,1.12654806316777e-05,6.659593671656279e-05,0.0,0.00023500000000000002,0.000278101456554495,0.0102285044293903,0.000793118686868687,0.00110578426263679,0.000995286195286195,0.0272827677224736,0.892011842742169,0.889837162956897,0.0953296903923174,0.0053542803543512206,0.0,0.0054,0.0,0.6628484,0.0224284,1.2729988,0.5456191999999999
685.19,0.6902284000000001,1881.4299080913397,0.0,0.403007908347449,0.09494857831468,0.22899999999999998,149.408955710386,0.0313865924815296,0.0,0.0308924191600951,1.83113838412487,0.8565,0.0,1.53179892253106,0.7305,0.0503882428974567,0.221122553962165,0.0862,0.0,0.00219691176717888,0.0,0.342606097579906,0.0013755486579557698,408785.42977049,0.298345200988284,0.5731902478298829,0.0586,0.0,0.0428,0.0,0.0028487327926370897,1.67367685789955,1.88072097300504,0.0950026190202174,0.0066,0.0114369224008036,0.0,70.4304851880955,0.5745,0.0415034814300487,0.00487139684060314,0.0,0.0421674898682826,0.000145198468033166,0.0227394292406497,0.235357601965869,0.0,0.0,0.0,0.0,0.0,0.0,0.0139815970721129,0.00031942229561573196,0.0321596121727727,1.1266957705016298,0.6279,0.0047,0.0,0.0005,0.00045,0.0,0.0,0.0119347405037157,0.00301487465870849,1.5516104368988202,0.0,0.0461709946087848,0.00154943432444146,0.0,0.0,0.000132747247980989,5.5588558363048205e-05,0.00157430807494678,0.0,0.0013978309845025,0.07301040201851201,0.0,0.0021785221626044,0.0,0.0,0.00308282935197285,0.00679346144635487,0.0107660967660583,0.0,0.0034,0.0,0.0,0.0,0.0041402981102513295,0.0,0.000139094267298157,0.0242598483703958,0.0524113333625055,0.00855,0.0067,0.0,0.0,0.0,0.0,0.0,0.000593313795761878,0.106464436876423,0.000759488985433204,0.0,0.116715476404221,0.003565,0.0,0.0067441548211789795,0.00026970883949350803,0.000654983581288823,0.0312579338288934,4.3889146567718e-05,0.0009,0.0,0.000361914893906808,0.0237,0.0365199993638396,0.00234908449946285,0.0,0.0,0.2505,0.0021584827253477,0.000764651548262802,0.0,0.0,0.0,0.0,0.0,0.0,0.0025441413711328,0.005915648806337629,0.000345518235551827,0.0,0.00075775534151971,0.0337554303543819,0.0007700000000000001,0.0,0.000246890234912308,0.0183445680721845,0.0084,0.0369322856095133,0.0328776692338737,0.00886646961569408,0.00960263212793343,0.00815758612025372,0.00685,0.0995703861477112,0.00485584955923517,0.000420900682994271,0.0,0.00419088182500274,0.0559638253852675,0.00045544259573339504,0.0,0.0,0.0,0.0,0.0,0.10895,0.00216357078548603,0.0116742131279223,0.00014493997069464,0.0,0.00101,0.0,0.000199274044010778,0.000758265162060394,0.0180451191519811,0.00062,0.0,0.0,0.0,0.0,0.00411253134029652,0.0038772325097217396,0.0068973785235113,0.000788517787123361,0.00598383028859077,0.0,0.054501226007825,0.00597409568803961,0.000359724267800271,0.0005397383908077429,0.00530005941363179,0.000795968748851498,0.000511844090780324,0.0,0.0,0.0,0.0,0.0,0.0,0.0254,0.000436916103226729,0.0019188825124247,0.000290254789382208,0.008175,0.00208884580448393,0.00397229992199265,0.00324573783349376,0.0009197412375437449,0.0,0.0,0.0,0.0,0.0,0.0,0.0,0.0,0.0038407060941400796,0.0029930343764708396,0.00457963176565333,0.0066779182419423105,0.00269872206220987,0.0,0.00236,0.00310993418129866,0.00081141482293638,0.000532039291746174,8.02020304512288e-05,0.0,0.0,0.00314288233278757,0.000488529795783589,0.0,0.0,0.0,0.0,3.03003011743544e-05,0.00257769203529461,0.0,0.00198123116348099,0.0,0.00639456485510978,0.0005208611221981161,0.0019498059605735898,8.593305399573241e-05,6.70363443592374e-05,3.29416315515091e-05,0.000446740852516403,0.00045854987941465193,7.15152330357847e-06,0.000883566024880039,0.0,0.0,0.0,4.15010631375678e-05,0.00082,0.000226437714822687,0.0006799999999999999,0.0,1.12654806316777e-05,0.000230334724278996,0.0,0.00023500000000000002,0.000278101456554495,0.008085766671905291,0.000793118686868687,0.000874136937503274,0.000995286195286195,0.0272827677224736,0.745994753045675,0.7353703418049291,0.0772919766882947,0.0185187978416889,0.0,0.0054,0.0,0.6628484,0.0224284,1.2729988,0.5456191999999999
766.11,0.6902284000000001,1880.34903527087,0.0,0.348046728721852,0.09494857831468,0.22899999999999998,131.207810781078,0.0313865924815296,0.0,0.0318428579954084,1.59463396197012,0.8565,0.0,1.36144545281733,0.7305,0.0503882428974567,0.195193922261338,0.0862,0.0,0.00219691176717888,0.0,0.271757247433377,0.0013755486579557698,408545.81711232295,0.30212240631802695,0.44969049157769897,0.0586,0.0,0.0428,0.0,0.00449523895314444,1.33623966386026,1.51039266154716,0.0950026190202174,0.0066,0.0114369224008036,0.0,65.3347296333715,0.5745,0.0415034814300487,0.00487139684060314,0.0,0.0421674898682826,0.000145198468033166,0.0178399844591546,0.18464737689673996,0.0,0.0,0.0,0.0,0.0,0.0,0.0139815970721129,0.00031942229561573196,0.02780146672006,1.04695801246383,0.6279,0.0047,0.0,0.0005,0.00045,0.0,0.0,0.0119347405037157,0.00301487465870849,1.2172999501436101,0.0,0.03622297717182701,0.00244497397178507,0.0,0.0,0.000132747247980989,5.5588558363048205e-05,0.00157430807494678,0.0,0.0013978309845025,0.07301040201851201,0.0,0.0021785221626044,0.0,0.0,0.00308282935197285,0.00679346144635487,0.0107660967660583,0.0,0.0034,0.0,0.0,0.0,0.0041402981102513295,0.0,0.000139094267298157,0.0242598483703958,0.0418578826989269,0.00855,0.0067,0.0,0.0,0.0,0.0,0.0,0.000936236383082401,0.0853379318833873,0.000759488985433204,0.0,0.0921239722030531,0.003565,0.0,0.0067441548211789795,0.00026970883949350803,0.000654983581288823,0.0257624905105627,4.3889146567718e-05,0.0009,0.0,0.000361914893906808,0.0237,0.0365199993638396,0.00234908449946285,0.0,0.0,0.2505,0.0034060392226855,0.000764651548262802,0.0,0.0,0.0,0.0,0.0,0.0,0.0025441413711328,0.005915648806337629,0.000345518235551827,0.0,0.00075775534151971,0.0264824744087131,0.0007700000000000001,0.0,0.000389587469908474,0.0147448235573459,0.0084,0.0289748434027076,0.0328776692338737,0.00886646961569408,0.00960263212793343,0.00639994997541035,0.00685,0.0781169185324915,0.00485584955923517,0.000664172206846211,0.0,0.00661312120128261,0.0499006199953658,0.000718678600728554,0.0,0.0,0.0,0.0,0.0,0.10895,0.00216357078548603,0.009158883390207791,0.00014493997069464,0.0,0.00101,0.0,0.000199274044010778,0.000758265162060394,0.0180451191519811,0.00062,0.0,0.0,0.0,0.0,0.00411253134029652,0.0038772325097217396,0.0068973785235113,0.000788517787123361,0.00598383028859077,0.0,0.0427583742183974,0.00597409568803961,0.000567637142095811,0.0005397383908077429,0.00530005941363179,0.00125602153159849,0.000807678944392178,0.0,0.0,0.0,0.0,0.0,0.0,0.0254,0.000689444194821355,0.0019188825124247,0.000290254789382208,0.008175,0.00208884580448393,0.00397229992199265,0.00324573783349376,0.0009197412375437449,0.0,0.0,0.0,0.0,0.0,0.0,0.0,0.0,0.0038407060941400796,0.0029930343764708396,0.00457963176565333,0.0066779182419423105,0.00269872206220987,0.0,0.00236,0.00310993418129866,0.00128039510362286,0.000532039291746174,8.02020304512288e-05,0.0,0.0,0.00314288233278757,0.000770889489338583,0.0,0.0,0.0,0.0,3.03003011743544e-05,0.00257769203529461,0.0,0.00198123116348099,0.0,0.00639456485510978,0.0005208611221981161,0.0019498059605735898,8.593305399573241e-05,6.70363443592374e-05,3.29416315515091e-05,0.000446740852516403,0.00045854987941465193,7.15152330357847e-06,0.00139424814534429,0.0,0.0,0.0,4.15010631375678e-05,0.00082,0.000357313833983596,0.0006799999999999999,0.0,1.12654806316777e-05,0.000363463230920385,0.0,0.00023500000000000002,0.000278101456554495,0.00634360476864013,0.000793118686868687,0.000685795110123257,0.000995286195286195,0.0272827677224736,0.627274947037561,0.6097804462662011,0.0626263380550183,0.0292222638916953,0.0,0.0054,0.0,0.6628484,0.0224284,1.2729988,0.5456191999999999
839.65,0.6902284000000001,1877.60965539131,0.0,0.208752311494455,0.09494857831468,0.22899999999999998,85.07856295433471,0.0313865924815296,0.0,0.0342516640759388,0.9952336965433951,0.8565,0.0,0.9296991284464781,0.7305,0.0503882428974567,0.12948001897771197,0.0862,0.0,0.00219691176717888,0.0,0.0921968857449994,0.0013755486579557698,407938.539288102,0.31169541073203305,0.13669090364924402,0.0586,0.0,0.0428,0.0,0.00866816823980728,0.48103390563706205,0.57182717443911,0.0950026190202174,0.0066,0.0114369224008036,0.0,52.4199722507265,0.5745,0.0415034814300487,0.00487139684060314,0.0,0.0421674898682826,0.000145198468033166,0.00542275997042951,0.0561266410502188,0.0,0.0,0.0,0.0,0.0,0.0,0.0139815970721129,0.00031942229561573196,0.0167561191645078,0.8448694726515971,0.6279,0.0047,0.0,0.0005,0.00045,0.0,0.0,0.0119347405037157,0.00301487465870849,0.37001856457656607,0.0,0.0110105763302035,0.0047146427476470205,0.0,0.0,0.000132747247980989,5.5588558363048205e-05,0.00157430807494678,0.0,0.0013978309845025,0.07301040201851201,0.0,0.0021785221626044,0.0,0.0,0.00308282935197285,0.00679346144635487,0.0107660967660583,0.0,0.0034,0.0,0.0,0.0,0.0041402981102513295,0.0,0.000139094267298157,0.0242598483703958,0.015111063035751002,0.00855,0.0067,0.0,0.0,0.0,0.0,0.0,0.0018053444022392,0.0317946087396088,0.000759488985433204,0.0,0.0297989044046273,0.003565,0.0,0.0067441548211789795,0.00026970883949350803,0.000654983581288823,0.0118347586160208,4.3889146567718e-05,0.0009,0.0,0.000361914893906808,0.0237,0.0365199993638396,0.00234908449946285,0.0,0.0,0.2505,0.0065678646499911,0.000764651548262802,0.0,0.0,0.0,0.0,0.0,0.0,0.0025441413711328,0.005915648806337629,0.000345518235551827,0.0,0.00075775534151971,0.008049788522534341,0.0007700000000000001,0.0,0.0007512414286509231,0.00562157842727912,0.0084,0.00880738552846881,0.0328776692338737,0.00886646961569408,0.00960263212793343,0.00194537123162109,0.00685,0.0237449365385474,0.00485584955923517,0.00128072311375569,0.0,0.0127520800919506,0.0345339436054173,0.00138582778054696,0.0,0.0,0.0,0.0,0.0,0.10895,0.00216357078548603,0.00278399492645097,0.00014493997069464,0.0,0.00101,0.0,0.000199274044010778,0.000758265162060394,0.0180451191519811,0.00062,0.0,0.0,0.0,0.0,0.00411253134029652,0.0038772325097217396,0.0068973785235113,0.000788517787123361,0.00598383028859077,0.0,0.0129971189517033,0.00597409568803961,0.00109457457059275,0.0005397383908077429,0.00530005941363179,0.00242198603059808,0.00155744712277065,0.0,0.0,0.0,0.0,0.0,0.0,0.0254,0.00132945508235765,0.0019188825124247,0.000290254789382208,0.008175,0.00208884580448393,0.00397229992199265,0.00324573783349376,0.0009197412375437449,0.0,0.0,0.0,0.0,0.0,0.0,0.0,0.0,0.0038407060941400796,0.0029930343764708396,0.00457963176565333,0.0066779182419423105,0.00269872206220987,0.0,0.00236,0.00310993418129866,0.00246898558392871,0.000532039291746174,8.02020304512288e-05,0.0,0.0,0.00314288233278757,0.0014865060250494,0.0,0.0,0.0,0.0,3.03003011743544e-05,0.00257769203529461,0.0,0.00198123116348099,0.0,0.00639456485510978,0.0005208611221981161,0.0019498059605735898,8.593305399573241e-05,6.70363443592374e-05,3.29416315515091e-05,0.000446740852516403,0.00045854987941465193,7.15152330357847e-06,0.00268852837810317,0.0,0.0,0.0,4.15010631375678e-05,0.00082,0.000689008183917305,0.0006799999999999999,0.0,1.12654806316777e-05,0.000700866064616651,0.0,0.00023500000000000002,0.000278101456554495,0.0019282441689547102,0.000793118686868687,0.000208458829076185,0.000995286195286195,0.0272827677224736,0.32638973489505796,0.291483578770122,0.0254575290773735,0.0563492847436004,0.0,0.0054,0.0,0.6628484,0.0224284,1.2729988,0.5456191999999999
