Age_physical_avg_min,(nemr)C6H6O_UWCIMS,(nemr)CH2O2_UWCIMS,(nemr)CO_QCL,(nemr)HCN_UWCIMS,(nemr)HONO_UWCIMS,(nemr)dihydro_furandione_C4H4O3_PTR,(nemr)methyl_methacrylate_C5H8O2_PTR,(nemr)3_HEXANONE_C6H12O_PTR,(nemr)acetic_anhydride_C4H6O3_PTR,(nemr)phenylacetylene_C8H6_PTR,(nemr)benzonitrile_C7H5N_PTR,(nemr)styrene_C8H8_PTR,(nemr)vinylpyridine_C7H7N_PTR,(nemr)benzaldehyde_C7H6O_PTR,(nemr)C8_AROMATICS_C8H10_PTR,(nemr)pyridine_aldehyde_C6H5NO_PTR,(nemr)heptyl_nitriles_C7H9N_PTR,(nemr)p_benzoquinone_C6H4O2_PTR,(nemr)o_cresol_C7H8O_PTR,(nemr)C7_acrylonitrile_C7H11N_PTR,(nemr)5_METHYLFURFURAL_C6H6O2_PTR,(nemr)C3_furan_C7H10O_PTR,(nemr)dihydroxy_pyridine_C5H5NO2_PTR,(nemr)5_hydroxy_2_furfural_PTR,(nemr)2_hydroxy_3_methyl_2_cyclopenten_1_one_C6H8O2_PTR,(nemr)ethylcyclopentanone_C7H12O_PTR,(nemr)nitrofuran_C4H3NO3_PTR,(nemr)5_hydroxymethyl_2_3H_furanone_C5H6O3_PTR,(nemr)C6_diones_C6H10O2_PTR,(nemr)heptanal_C7H14O_PTR,(nemr)2_5_dihydroxymethyl_dihydrofurfural_C5H8O3_PTR,(nemr)indene_C9H8_PTR,(nemr)C6_esters_C6H12O2_PTR,(nemr)butene_nitrates_C4H7NO3_PTR,(nemr)benzeneacetonitrile_C8H7N_PTR,(nemr)benzofuran_C8H6O_PTR,(nemr)indane_C9H10_PTR,(nemr)dihydro_pyridine_C8H9N_PTR,(nemr)tolualdehyde_C8H8O_PTR,(nemr)C9_AROMATICS_C9H12_PTR,(nemr)salicylaldehyde_C7H6O2_PTR,(nemr)C2_phenols_C8H10O_PTR,(nemr)nitrobenzene_C6H5NO2_PTR,(nemr)hydroxy_benzoquinone_C6H4O3_PTR,(nemr)guaiacol_C7H8O2_PTR,(nemr)C8_nitriles_C8H15N_PTR,(nemr)dimethyl_trisulfide_C2H6S3_PTR,(nemr)5_hydroxymethyl_2_furfural_C6H6O3_PTR,(nemr)2_5_di_hydroxymethyl_furan_C6H8O3_PTR,(nemr)napthalene_C10H8_PTR,(nemr)dihydronapthalene_C10H10_PTR,(nemr)methyl_benzeneacetonitrile_C9H9N_PTR,(nemr)methyl_benzofuran_C9H8O_PTR,(nemr)methyl_propenyl_benzene_C10H12_PTR,(nemr)3_methylacetophenone_C9H10O_PTR,(nemr)C10_AROMATICS_C10H14_PTR,(nemr)methyl_benzoic_acid_C8H8O2_PTR,(nemr)MONOTERPENES_C10H16_PTR,(nemr)nitrotoluene_C7H7NO2_PTR,(nemr)creosol_C8H10O2_PTR,(nemr)methyl_naphthalene_C11H10_PTR,(nemr)levoglucosan_pyrolysis_product_C6H8O4_PTR,(nemr)2_ethyl_benzofuran_C10H8O_PTR,(nemr)ethylindene_C11H12_PTR,(nemr)dimethylbenzofuran_C10H10O_PTR,(nemr)estragole_C10H12O_PTR,(nemr)C11_aromatics_C11H16_PTR,(nemr)vinyl_guaiacol_C9H10O2_PTR,(nemr)vanillin_C8H8O3_PTR,(nemr)acenaphthylene_C12H8_PTR,(nemr)camphor_C10H16O_PTR,(nemr)syringol_C8H10O3_PTR,(nemr)cineole_C10H18O_PTR,(nemr)1_3_dimethylnaphthalene_C12H12_PTR,(nemr)decanal_C10H20O_PTR,(nemr)C12_aromatics_C12H18_PTR,(nemr)eugenol_C10H12O2_PTR,(nemr)C13_aromatics_C13H20_PTR,(nemr)sesquiterpenes_C15H24_PTR,(nemr)HCN_PTR,(nemr)ethene_C2H4_PTR,(nemr)methanimine_CH3N_PTR,(nemr)formaldehyde_CH2O_PTR,(nemr)METHANOL_CH3OH_PTR,(nemr)hydrogen_sulfide_H2S_PTR,(nemr)PROPYNE_C3H4_PTR,(nemr)ACETONITRILE_C2H3N_PTR,(nemr)propene_C3H6_PTR,(nemr)isocyanic_acid_HNCO_PTR,(nemr)ethenamine_C2H5N_PTR,(nemr)ACETALDEHYDE_C2H4O_PTR,(nemr)formamide_CH3NO_PTR,(nemr)ethylamine_C2H7N_PTR,(nemr)formic_acid_CH2O2_PTR,(nemr)ETHANOL_C2H6O_PTR,(nemr)HONO_HNO2_PTR,(nemr)methane_thiol_CH4S_PTR,(nemr)methane_diol_CH4O2_PTR,(nemr)propiolonitrile_C3HN_PTR,(nemr)1_buten_3_yne_C4H4_PTR,(nemr)acrylonitrile_C3H3N_PTR,(nemr)2_propynal_C3H2O_PTR,(nemr)butadiene_C4H6_PTR,(nemr)propane_PTR,(nemr)acrolein_C3H4O_PTR,(nemr)1_BUTENE_PTR,(nemr)methyl_isocyanate_C2H3NO_PTR,(nemr)propene_amine_C3H7N_PTR,(nemr)glyoxal_C2H2O2_PTR,(nemr)ACETONE_C3H6O_PTR,(nemr)acetamide_C2H5NO_PTR,(nemr)trimethylamine_C3H9N_PTR,(nemr)acetic_acid_C2H4O2_PTR,(nemr)propanol_C3H8O_PTR,(nemr)nitromethane_CH3NO2_PTR,(nemr)DMS_PTR,(nemr)cyanoallene_isomers_C4H3N_PTR,(nemr)1_3_cyclopentadiene_C5H6,(nemr)pyrrol_C4H5N_PTR,(nemr)carbon_suboxide_C3O2_PTR,(nemr)FURAN_C4H4O_PTR,(nemr)ISOPRENE_C5H8_PTR,(nemr)dihydropyrrole_C4H7N_PTR,(nemr)propiolic_acid_C3H2O2_PTR,(nemr)MACR_MVK_C4H6O_PTR,(nemr)pentene_C5H10_PTR,(nemr)butene_amine_C4H9N_PTR,(nemr)methyl_glyoxal_C3H4O2_PTR,(nemr)MEK_C4H8O_PTR,(nemr)nitroethene_C2H3NO2_PTR,(nemr)hydroxyacetone_C3H6O2_PTR,(nemr)nitroethane_C2H5NO2_PTR,(nemr)n_sulfinyl_methanamine_CH3NOS_PTR,(nemr)BENZENE_C6H6_PTR,(nemr)pyridine_C5H5N_PTR,(nemr)2_4_cyclopentadiene_1_one_C5H4O_PTR,(nemr)methyl_pyrrole_isomers_C5H7N_PTR,(nemr)2_METHYLFURAN_C5H6O_PTR,(nemr)pentanenitriles_C5H9N_PTR,(nemr)thiophene_C4H4S_PTR,(nemr)2_3H_furanone_C4H4O2_PTR,(nemr)cyclopentanone_C5H8O_PTR,(nemr)2_3_butanedione_C4H6O2_PTR,(nemr)3_methyl_2_butanone_C5H10O_PTR,(nemr)pyruvic_acid_C3H4O3_PTR,(nemr)methyl_propanoate_C4H8O2_PTR,(nemr)nitropropanes_C3H7NO2_PTR,(nemr)ethylnylpyrrole_C6H5N_PTR,(nemr)TOLUENE_C7H8_PTR,(nemr)3_furancarbonitrile_C5H3NO_PTR,(nemr)2_methyl_pyridine_C6H7N_PTR,(nemr)dimethyl_disulfide_C2H6S2_PTR,(nemr)phenol_C6H6O_PTR,(nemr)4_pyridinol_C5H5NO_PTR,(nemr)2_5_dimethyl_pyrrole_C6H9N_PTR,(nemr)2_FURALDEHYDE_C5H4O2_PTR,(nemr)2_5_dimethyl_furan_C6H8O,(nemr)4_methylpentanenitrile_C6H11N_PTR,(nemr)maleic_anhydride_C4H2O3_PTR,(nemr)methyl_thiophenes_C5H6S_PTR,(nemr)2_furanmethanol_C5H6O2_PTR,(nemr)cyclohexanone_C6H10O_PTR,(nemr)Methane_PICARRO,(nemr)NO,(nemr)NO2,(nemr)O3,(nemr)PAN_ppb
21.02596054,0.4862507832320106,7.000614827338102,1000.0,1.8755242838283064,9.961545349974152,0.08947887619723517,0.1353321900621434,0.02261783728944276,0.06029279662255221,0.033213786191781745,0.05016307384370767,0.1090942071154275,0.01347486401559094,0.17526585564965938,0.25148341929389645,0.007858237378604294,0.005891443309355899,0.17681680718376297,0.2446245584042132,0.004590288858183843,0.2558934329029642,0.03390707264638915,0.025586832864278878,0.2737117450114732,0.08467243542131356,0.013629144939192171,0.010842042969867108,0.021361417620399083,0.03226797498847261,0.009064455071895178,0.017413129292012188,0.020331709578101716,0.013515505560655158,0.0042309558597139665,0.007036300282642092,0.047942402134622364,0.049251150569277445,0.0072730265760877445,0.12062043116329894,0.07491763201031329,0.08165323480294429,0.0514159569755617,0.0021944172357965925,0.032455933800258005,0.1173267337397918,0.000516090643408523,0.0,0.07278759091808858,0.03297904250251816,0.06341144997599928,0.010525947472195204,0.003230405638030311,0.0381542243411741,0.03469680909266596,0.03266013405478227,0.02874936283943057,0.04583446133205255,0.15021730493377972,0.004291848027399583,0.049636461940804365,0.035196399577192596,0.02196476616294935,0.01315939659481641,0.006367813968917905,0.03007194369117355,0.00900811549025174,0.010551286110789527,0.019086706755896875,-0.002117393451908692,0.0049930299260392596,0.010662778861154989,0.010054358868645696,0.0,0.010339055225378811,0.0,0.0008754232328410208,0.006227681852818195,0.002986001508438684,-0.00011157844369662615,0.7144531448699734,0.014591772896315504,0.0,21.238273775667857,8.7304522936213,0.0,0.6408806901634003,0.8532222283662203,2.6612484932817426,1.8318287597424616,0.004844854703413012,9.179069461382445,0.20325867419910823,-0.0002942173153144939,3.131708697067921,0.0713767344822018,0.23770931314329335,0.06240930655371956,0.02641969882548528,0.005227665424915767,0.3062493594861933,0.19258070041735173,0.22664312893757738,1.0933324058421643,0.0942593776631696,3.161375765334189,0.8181588416095243,0.15975529971752817,0.0512850179745831,0.046970912996212,2.9319464187661026,0.13988153714182597,0.015383063684637268,6.430357855927881,-0.00042260964956366,0.6432867727904292,0.04230930519848259,0.005504698057292525,0.035802720594385135,0.09951669277614882,0.053777929011504695,0.9781103565583581,0.16867690114311415,0.04707404154570742,0.03826061210051536,1.3342079270247327,0.03686085509846033,0.006902336450236545,0.8099732368901607,0.44620337866535553,0.03910294973129882,0.7928899993131,0.024864913997572683,0.0018107362872673571,1.3518912275515866,0.08122740848342234,0.03933075921437372,0.030522294664903117,0.4472270065715141,0.029181466860145895,0.015449014417604434,0.828686248731611,0.16161985898395698,0.9779767831521321,0.08626650706248697,0.04692477991979924,0.08164528925183293,0.0015331420465675163,0.0134584497545589,0.6038282720202784,0.012621679736076707,0.0570653235780196,0.0035523100800578305,0.6210293475400656,0.018983596408564868,0.004540454811554584,1.1494036691900942,0.22494645272379266,0.008001052984437132,0.5069186380930519,0.043381020357138145,0.1197017761561833,0.045779875498176935,60.066300558505255,1.7965036817093725,11.50459764274695,8.491752307281944,0.9092015039112619
23.5029077,0.7458786170832926,9.01272724467811,1000.0,2.543297494350863,11.371720261768731,0.11821550688555338,0.1725440866996482,0.027919085001082956,0.08207172564142523,0.03385302003125255,0.05631224724451475,0.12332596468764073,0.015454206087373575,0.18869539895851575,0.2871154047223435,0.01260428438270702,0.005640293070277907,0.16958202115278256,0.3199056796307989,0.0038890005357870854,0.35219823022690483,0.04019602935720301,0.03499294564951132,0.29195780514420167,0.11324188625441008,0.013025444351297679,0.014496269709443956,0.03623968418095528,0.045322536200594635,0.010562140381897666,0.023263295662707278,0.025786214160979277,0.01075703741845913,0.004375488808670835,0.007531012411590069,0.0661787712229737,0.05590295657262074,0.005926381793268358,0.13411158103490747,0.0732209524333678,0.09906058557148086,0.0842527168009028,0.005365145184134346,0.04284267196384963,0.18429049075766712,0.0009651533236753898,0.0,0.09448417699324782,0.042181484756173095,0.09270683203408378,0.008886176360847174,0.0042704970170181255,0.04433756338926214,0.03945798242680305,0.04385609708781268,0.03289950375705213,0.0563747124008267,0.1833740508037882,0.005824983749626718,0.07097607212645068,0.05070400570159364,0.029864113159681203,0.02061473018308786,0.00617027593977789,0.033245174737660525,0.01829535953360712,0.006071926207050395,0.020890249805862626,0.0053780222962234725,0.011284819670586813,0.013440334526631287,0.01152216398694633,0.002181147049032599,0.019113124926070386,0.0,0.00590090337368745,0.007915364281593631,0.0029408263003765666,0.0028956312026527826,0.6378972753560169,0.09011783205924549,0.0,22.22758831918302,9.230960759994543,0.0,0.7158207056967982,0.8977188388090912,3.0730210133607643,1.6880687718144722,0.014565510594684174,9.501536612166422,0.20483175798795103,-0.00043206412554225445,3.716456099041321,0.03849547605134132,0.2585615249326713,0.07277862992864599,0.029766302339261565,0.00855038126570244,0.31786477974855365,0.19045536523017093,0.22189898768853514,1.2821733954139634,0.12097348038095042,3.522873817705034,0.8874898026640577,0.15954332068771523,0.07388461641570528,0.05140432877044356,3.046783175696419,0.13580887088816143,0.018454004489417437,8.449638850500882,-0.00032835383773156113,0.6612301005817943,0.04228323390400483,0.0030878052860252338,0.04057609832039344,0.11765095233300564,0.06458552883041416,1.1170102984143295,0.21016787491456038,0.04403825897053365,0.04518129391530163,1.4405663485284184,0.04755751452289183,0.01201882828559085,0.9292351692845298,0.479263696308993,0.04353052034138483,1.0279369547653785,0.02451848855732641,-8.62735825828343e-05,1.4287165771748789,0.09184046242978171,0.04774681946253102,0.03149551780907788,0.5379492214812285,0.033188985723049055,0.012578399133710458,1.0103077030121332,0.17870279983146997,1.1031446335208193,0.10164543101913953,0.061498259635166364,0.09147780054574985,0.0025791810490197165,0.017404079342718676,0.6745149068856419,0.014740956882343682,0.06471041100067546,0.0006093682146295386,0.7254439031853963,0.020682644772690835,0.006969494002106594,1.2940854682750513,0.2703082559355262,0.008122102752238973,0.4927932150031682,0.03654491786948977,0.14870243003072608,0.04647002404938282,63.93233360761722,1.1923353297334476,10.379543562027813,5.599333922047446,1.2169169107085644
31.63849147,0.6340934665749073,11.975071756463864,1000.0,3.109371153974268,5.04498971840432,0.09441072815400055,0.1362120440998218,0.01962994724469526,0.05184170694175548,0.008169760964583495,0.04249481182917792,0.04745252227298274,0.005531186835834499,0.15235096906745155,0.3069386661269884,0.009615780554717217,0.003357858770159429,0.18739871913601958,0.07409551943031224,0.006028623546168993,0.13616053585023818,0.011919164553969202,0.015356633833664956,0.32383894046480705,0.04276007823397579,0.004709584455950129,0.016810829644282217,0.024990604885827994,0.04015821092984697,-0.00017766586319430808,0.0,0.016776151497614623,0.011052019711673411,0.0,0.0020589324619582207,0.033174256282052346,0.01615916852484458,0.0,0.08060137713538307,0.05368511079614805,0.05638339599330939,0.008711699477074035,0.005608238917043308,0.03378821036826442,0.08246918164669007,0.0,0.0,0.06665238646693909,0.02803549921455373,0.05520965756738399,0.0,0.002143851557887789,0.02047095367152453,0.014469296414315953,0.015356065848168813,0.023866589295565645,0.040223368009436,0.07922144335039111,0.0,0.005534962692586436,0.017676589710231796,0.009587293172891517,0.0,-0.00025147460868707916,0.005002095878200673,0.005560061556061962,0.0,0.004963570391728459,0.0,0.0072958246781503755,0.0,0.005261545003253635,0.0,0.0,0.0,0.0,0.004325358060575163,0.0,0.0,1.0456906485694877,0.053426105530980365,0.0,23.799974437147235,9.763862843472891,-0.013281315128675985,0.5720392845475868,0.9885904027916168,2.1149577516852593,2.1113121769528336,0.0,10.355606268024273,0.1522663752471183,0.0,3.8425027891572103,0.18158603591763442,0.17837795519987468,0.014721626603106493,0.05162285021624851,0.0,0.20434880718718065,0.20634134630063092,0.29865181425970927,0.8359391156876028,0.11701726129806021,3.267162441618418,0.5455996965726657,0.15470683658894394,0.04928875233202594,0.06463929292811468,3.485295984164012,0.14711271479433302,0.03837537871115993,5.141654834189214,0.0,0.7386707998599362,0.019958720523416303,0.0,0.0223353203467163,0.06681946286395649,0.07805448029876949,0.7512565887649063,0.11222736868014482,0.03498921597693014,0.037775394851624275,1.180400629257606,0.0264206593733964,0.008029420891667102,0.7812877568315271,0.5324540812139356,0.042556138747060275,0.709836959626627,0.014042534277799888,0.006144516969199092,1.4409596229059847,0.09408662510138828,0.017246910067728216,0.01585502365136859,0.23110397676987524,0.03192843800307122,0.06402568960757973,0.4861558379067143,0.10818763417868159,0.7494908603904379,0.08433267999673795,0.06893348160705795,0.055575291165342204,0.0024514082232659864,0.02090551632689839,0.6152829223594287,0.007006488987488525,0.05465715230813637,0.007789961531285314,0.3306409435910394,0.006551037765029105,0.0,0.7593581571137565,0.09977734160792602,0.00323888437214536,0.8022244962908799,0.02850185908333229,0.057410354776122594,0.037553545812283956,43.75742142182165,1.7212877789836263,8.166199451150364,32.07537008240795,2.100059689946556
32.30082225,0.7867439481759291,8.679388851005795,1000.0,2.939636890555745,10.06818274803955,0.12776600772815092,0.176005378111149,0.014543015115354017,0.08000054801682008,0.043798969201045576,0.05434935515399477,0.09835231389930675,0.013620650983066257,0.20318500534151607,0.2815224277758836,0.007718662802591203,0.0027742336629162406,0.17509454074326627,0.2585152906012047,0.0034635860893283323,0.31465009728378224,0.043193613592453696,0.03702090214797136,0.31683342925332425,0.10882156063188998,0.020123415615410846,0.01817502602568474,0.039913647687237194,0.04201491987725878,0.008382853506080236,0.0227635474485737,0.02640174247073531,0.0107774415274463,0.0029367339470394364,0.012134873735651778,0.06309533628821457,0.04738511330833049,0.004197107853165132,0.1331315313103762,0.07793188248664622,0.08773253506080235,0.06902026616660985,0.0019322193431071711,0.04090638299806796,0.1549233612910558,0.0,0.0,0.0903118511194454,0.047038334583475394,0.07771026616660984,0.009040865552903739,0.005347197181497898,0.05481861370610296,0.017897787475849528,0.0561802475281282,0.028654767587225825,0.060417050573928856,0.1534604766450733,0.005612356404136834,0.04794209728378225,0.03981560336401865,0.02614760927378111,0.02124091578588476,0.004465149448801,0.03044005750653483,0.017275102625298328,0.004348992840095466,0.015768890783043527,0.00956922082054779,0.006067252187748609,0.00963382679849983,0.01385041504716445,0.004038474826684851,0.011594716899647688,0.0,0.0014419440845550632,0.004338571655869985,0.00226502443459484,0.002386476417774747,0.7015664605068759,0.0773572008182748,0.0,22.121277193090126,9.460299193317423,-0.0028240643254915333,0.7148744105011933,0.9558210578474828,2.838554410728492,1.9425461802477555,0.027294025684736902,9.956307029662463,0.1927839186271167,0.0,4.69817287555404,0.06229180134106148,0.22275038822593476,0.06915711989998863,0.042734098874872145,0.006470350494374361,0.2919418490737584,0.20598831480850097,0.2597727116717809,1.2181430244345948,0.1217770948971474,3.685131647005341,0.8572291064893738,0.17904329491987728,0.07332576588248664,0.05555652915103989,3.1492500409137403,0.14909260961472895,0.011295160586430276,9.139873620184112,0.0,0.7148534976701899,0.06438734219797705,0.004869897715649506,0.03473737538356632,0.0888791374019775,0.056534760313672015,1.099827413569724,0.19101056051824072,0.040725271508125924,0.04653364723264007,1.4658842125241507,0.013232218888510058,0.0,0.9182456763268554,0.5279417456529152,0.04528542743493579,1.113110001136493,0.027921950903511763,0.003228678940788726,1.5098940427321288,0.09158232026366633,0.03170127219002159,0.02724537742925332,0.49395891737697467,0.034851742698033865,0.03019871167178088,1.0269304048187293,0.16834008091828617,1.1065742902602569,0.11020859143084441,0.0709482495738152,0.10714468553244687,0.0022729701102398,0.015690130014774404,0.6843077147403114,0.011901045573360608,0.053840206614388,0.0023870496647346285,0.670712037958859,0.02286788771451301,0.008942630526196158,1.2565431046709854,0.23195563109444253,0.011147942266166609,0.5745743900443232,0.04665546539379475,0.14247727241732017,0.05229966928060007,61.14539538583928,1.0202586837140584,10.326653975906353,8.79560366632572,1.4940986973519719
36.27815578,0.6818303192252183,8.978937056172883,1000.0,2.795211109237315,7.6272042137290095,0.1325819642347486,0.15277379567502314,0.02157606590120091,0.09390244825788824,0.01991098061712027,0.05679189365478569,0.08758533048927918,0.010134188526494668,0.18512210096421794,0.2950320119391818,0.014537305413726517,0.011305228103052876,0.1775771660402828,0.22833638162428332,0.005570731110472575,0.2993883673064996,0.033259048741026906,0.03176066112003786,0.3249182778658653,0.09192120185268236,0.014100727684583569,0.012960108451448562,0.02945353771793965,0.045207438123868286,0.010989164536058887,0.019926587559103544,0.018860315532699325,0.01066047759340828,0.0,0.010593561261053324,0.060317572801173204,0.04397404577142941,0.005768584640756623,0.1304292464603285,0.06789150236002758,0.09810597906206024,0.05582950947233876,0.005051024583771481,0.04094224215002701,0.14205057938674803,0.0005821901626388656,0.0,0.09072231357993159,0.04349016890026584,0.08401144370116422,0.0035852518444047057,0.0037586841805830836,0.04441681775815238,0.023861667658636142,0.047013117820240195,0.026888380415550882,0.05281452383935946,0.1307022639445963,0.005622215410674283,0.03538640824300138,0.03339775653377566,0.027277212058635796,0.020596762738168573,0.004106424261597729,0.02256854596289004,0.018411257106188628,0.006774209799315272,0.012991477691443497,0.009312975271171885,0.006108307663100216,0.012398040654832463,0.016357286889541692,0.0024167454521046862,0.009564295771192827,0.0017697267014702303,0.0019020425498531813,0.006274120248071566,0.0015351859417768823,0.0023243717890342546,0.734421030036167,0.047072079623113945,0.0,21.608894256402948,9.420832024594793,0.0,0.6606877211391924,0.968234068356864,2.8455220696048102,1.6965409069695305,0.013472431591577797,9.759282685363424,0.17190867838448923,0.0,4.366285886239807,0.08096566964056168,0.23301008251442545,0.06277021409091325,0.036534590284954024,0.010847104018398737,0.29866424770113464,0.1898417537179602,0.23864069875398755,1.120910781985284,0.10286011290365794,3.4832558333342987,0.764208986968914,0.17234498601331727,0.05510858637634904,0.04985817661945762,3.2086040844415638,0.14919581354728847,0.018222156802975713,8.524687322022809,-0.00033678952234420325,0.670449232900785,0.030927458376034594,0.0,0.02791889863797778,0.09018048482751727,0.06362483297500143,0.9976503088097587,0.1924771491353358,0.040867399007316244,0.05683823573491083,1.3754484842457786,0.024868031564118164,0.0025318270954296945,0.8309958291072627,0.4689674639956416,0.033591601104970295,1.0206583705142065,0.02133175103408944,0.0015673136973737701,1.4409002200977437,0.08753362636996677,0.02607765659298302,0.025956840743608812,0.45033824238162407,0.026905060238100888,0.055443226914405674,0.9079192242779655,0.1651275033491294,1.0081944255974118,0.0924565759166641,0.06750142357117672,0.09493656824760122,0.0020276346838733355,0.022702807307097374,0.6498630893810439,0.006623919924566299,0.06460016327827046,0.005682357747462234,0.6119863409782546,0.017611519941617308,0.007596902052623391,1.2039269371831396,0.21508947197742861,0.01154440569225742,0.5964918965282124,0.028078914702587013,0.13018319194950217,0.0485658246129144,60.79316315798161,1.0426943295819175,8.32485609295185,12.82117410104824,1.5331957771191145
46.88747962,0.5619357936650771,10.978715968793361,1000.0,2.945191929121322,4.700764473593314,0.12034812582100128,0.1398473187886282,0.017857307752022447,0.0595484142141597,0.017528065170420503,0.05237985626252924,0.045106714360866294,0.007247693084161907,0.18892470925912466,0.22596778464887005,0.0071969987443758375,0.004274186768244883,0.18990679231208235,0.10184470843705758,0.001882816043408948,0.17908686588360637,0.019680482906330968,0.020113623901540065,0.3210287334630245,0.0550282251563789,0.014843377924189159,0.016647483883248465,0.030866169924450296,0.028279772795540916,0.006688055150361699,0.0145529707081165,0.017280367887523466,0.0017397734219238925,0.003337828240949875,0.006659947377017477,0.04153460632127615,0.027319964866993392,0.002412332229391224,0.10223835010768151,0.05552426886303535,0.08153289015765594,0.02576393002525647,0.0033422318441007977,0.030762217177467004,0.07453386325827095,0.0,0.0,0.0663248029556566,0.04028582620171017,0.04711767294224917,0.0,0.00277758640077269,0.019559825635818207,0.012151884707682645,0.039153802268243304,0.013338912215591095,0.03612981686629834,0.06196630794554086,0.004488853257969546,0.011708439088723847,0.018511033935399858,0.017340587466075093,0.011096790075663015,0.0016361196384935572,0.009021227810200615,0.006163435207471959,0.0040347013642268465,0.011493577622768992,0.008407165511346647,0.0,0.010212581190736219,0.010209289212065684,0.0,0.002194723678337144,0.0,0.000981627328515651,0.0016675448674023882,-0.0002119477411708909,0.0013022594998240917,0.7279100528638861,0.12120288263646879,0.0,25.222234780079386,9.106101089547012,0.0,0.5281806375407508,0.9104146752842782,2.007051781306026,1.8481276093817638,0.0,9.213817633500847,0.13019072349691654,0.0,4.704627463291137,0.1405099104112082,0.18090518664971977,0.05146257290975451,0.02673617873713166,0.004770212537088152,0.19446606838471356,0.17977523076413446,0.2842195419401881,0.8319914696008802,0.08610264503280246,2.993577652593856,0.5393951194284494,0.13599881556474006,0.039213159011984265,0.04214152443108766,3.147786914259056,0.1498896584337361,0.009791316587660468,7.661224729772716,-0.00047057695134222977,0.6613233963111474,0.01865472179822269,-0.0003382270862891125,0.019580295800273418,0.06842481550035316,0.06658505046853853,0.7000550339660364,0.11855260973473923,0.03719470892390087,0.04400761541347088,1.0874425544816717,0.014591508149966055,0.0,0.6772524304815495,0.4248129476723713,0.03702648291255614,0.9083141058874684,0.023303719172811432,0.002098146232221179,1.316397961465556,0.08390174632727104,0.01363939970276459,0.0210169739929371,0.27214858978591094,0.028407233176677475,0.04041995892941215,0.6399551669202199,0.1220325122152309,0.7473394695580308,0.08331150284463372,0.07656153026270789,0.07550508301558735,0.0027963966675882143,0.021578380491129284,0.5692721037058288,0.01135420237418966,0.05511734489167425,0.0036242036085505085,0.42603367435196926,0.01091350098067871,0.0022125442458082226,0.8143169154091299,0.11613532666891102,0.007989217063993971,0.7203987971509925,0.0798839769588422,0.07124011810309386,0.027649043668561978,58.51811379944424,1.0685365452382332,8.621929903575886,23.93974766793739,2.0006325463834345
47.03034838,0.7058311542185803,13.30033115785349,1000.0,3.3127416337929416,3.8589441621334446,0.16085773204402748,0.15867496049484844,0.02169839671468202,0.08712603829729174,0.03373167356531134,0.06936711563955411,0.05760400374819949,0.013430164969191324,0.18517981244789186,0.3000283791695235,0.008725860708931365,0.006655226787125136,0.19692111500030912,0.1433637733526743,0.003110551212333142,0.2471116293507358,0.03295993957017041,0.03287640471194738,0.3459070321943432,0.08593866658655616,0.01154058331101456,0.018395016308746598,0.037018020598402555,0.05012918424872491,0.011962692254746806,0.02436284663780689,0.007116147756727067,0.017525626283246408,0.0016187666420844334,0.009454513298830266,0.05892108615435679,0.025590041394456444,0.0028958884540735835,0.13194103282607164,0.07144441647947988,0.10871607713525643,0.025700599235716392,0.003630102192565426,0.050081236434702046,0.1068950171183244,0.0004734467434946693,0.0,0.09276013806977708,0.046287498117725964,0.05185888530742658,0.0067255397857699855,0.003474124087393354,0.03323660402092263,0.016004263724034157,0.04392338144288119,0.021857486209814682,0.05908169702469986,0.07548865493135479,0.005321704538261458,0.02799876111892834,0.03263292438315482,0.03834415454104266,0.01331416091692068,0.001264162936059333,0.02065885626868706,0.0111994504511334,0.006547374420429934,0.01362767672527777,0.00882108070856622,0.01191946899445596,0.011015745471173661,0.013716050805640393,0.0022363749921025023,0.012225641179583977,0.0,0.0028049943604908666,0.005174019973713643,0.0009920752621476697,-0.00013972533885833277,0.9077974616592593,0.059071477270168,0.0,26.313734975990254,10.463317029449694,0.0,0.6354176839763697,1.07578828896614,2.5586887822133995,1.8973265984908676,0.021400036785876028,10.932207466837134,0.13303439313142124,0.0,5.7887457761124175,0.0,0.16632783930484477,0.04699539411080498,0.05911669565308087,0.0,0.2509203771162448,0.21369042830501137,0.3295340527440864,1.0074217588149634,0.11996151096370254,3.6078618430781355,0.6701342630674336,0.19009301428342185,0.04268998920872903,0.07060668677815694,3.692137022882,0.18300264592277626,0.017799942992564564,9.99410664620948,0.0,0.7651827556414786,0.053806055808626845,0.0020785239696066316,0.02475250361467013,0.07891623925740145,0.054603558163687956,0.9601963094618168,0.15091384924352896,0.050748113169652796,0.060781142043455146,1.2559998073305023,0.015982110110699384,0.011654012976782646,0.8962398686627714,0.5872510506000673,0.04202407261981076,1.1805160258064697,0.021884918338343433,0.0033670897425071527,1.5476512709072978,0.08850598025560122,0.019366088140905947,0.021854190973557435,0.38595613906780096,0.03485242104702054,0.05379044367801742,0.8827261812173914,0.14442768245032792,0.9523469116119011,0.11844690684199617,0.07856771943717004,0.09938859947402036,0.002886228852021002,0.022123634006378793,0.7151642904696384,0.010542631158391108,0.06579975429311329,0.004661123260391626,0.5015133159028996,0.018051932740063257,0.004707397077168619,0.9884841754770212,0.16789365148412475,0.010836934894159978,0.7635085438634082,0.12875284302656717,0.1085344103458652,0.03391446362058244,71.60441174736252,0.6529277522331144,5.476537240898318,25.993365970685506,2.724499603471616
61.37235418,0.4797500649448331,11.9624360809908,1000.0,3.2540830402646668,2.2449036387044465,0.12995600490639758,0.1107671733155109,0.013403807025599061,0.04885030454357096,0.01415755388089652,0.05004912497948569,0.028983187085448697,0.0035380027646162364,0.15311574503158992,0.21815562068913297,0.00921602276634643,0.009668618204911586,0.16109735687465151,0.07741751046276468,0.0019599211976637073,0.14486326380733652,0.016011704556602,0.014363669710734023,0.3505406953958643,0.0513415891624387,0.00763554334276574,0.013315599915033682,0.02726866290739629,0.012298465769639303,0.010399837137960253,0.015807586376552454,0.013504588499706923,-2.6144590617550078e-05,0.0032091368126744495,0.004808975924860969,0.031040442732554373,0.017831733157138544,-0.00010439898857987927,0.09006631247752425,0.046597750496758704,0.06823483939457237,0.012796640367566017,0.0010468590219406733,0.029715865123562734,0.05522126449788304,0.000876780845044204,0.0,0.07419752152972578,0.020564923773582367,0.048305106064972674,-6.874842787856946e-05,0.001879562117851503,0.012987025868715299,0.01669736421371563,0.02549611677549619,0.019175149255130183,0.03340895946114943,0.03854278657800138,0.001093225903433782,0.012859427574952807,0.009060943461873175,0.02177706018254365,0.009925251475765643,-7.471853245453818e-05,0.009357396044171995,0.004392336067220994,0.0,0.002771436598883619,-0.0012786676232569008,0.0040241495817039934,0.00876294039535731,0.007258164368421415,0.0,-1.3664567588137016e-05,0.0,-1.0787816516950275e-05,0.0026624859978368427,-1.9841121358626194e-05,0.0019773280799541557,0.9169901563625318,0.06319735001752656,0.0,23.453192781554023,9.125214223748081,-0.0011026066502356192,0.4641568747876353,0.8294868755216939,1.652583609505205,1.8919872968908986,-0.0001180910545238438,8.928599540782724,0.05575460314713873,-0.0008077447420585158,4.612985877201473,0.23135541825895095,0.10152650567656858,0.04583909116595556,0.016827548199029155,0.005754572886044241,0.150363702388494,0.17740636646258298,0.28801772520989094,0.6511736940867802,0.07748784702645517,2.6569233059394533,0.4134721062758732,0.16754529572626714,0.01924694957745398,0.04165641017849289,3.0679017695066833,0.13861198981218634,0.03385672703453454,6.860496975155435,-0.00025989034533891933,0.6767969666440359,0.010261428182892898,-0.00010957714050801539,0.020651674317392142,0.05973549993038418,0.06755688519981323,0.5870639638527552,0.09998972790922388,0.02372171513915517,0.04666997852427852,0.9509850309062275,0.01387552608996156,-4.07821769503532e-05,0.6698170209096899,0.4943413030104146,0.01588698386001395,0.8178155689839292,0.010707408786200837,-0.00012971947462585997,1.3708012997771328,0.07370419975702519,0.012089421576431982,0.011225600918015102,0.2161667741825001,0.033340745347477184,0.03247927304864797,0.5732763301229475,0.08570180432334908,0.6422682479043889,0.08781564227961199,0.07389830853555351,0.07462648572739604,0.001403137450229473,0.01699280358736511,0.5416303207136177,0.015303673506341974,0.03643643198198821,0.003538614074218864,0.3208834753811975,0.01604457651420984,0.003911800606928564,0.6540812082032086,0.10714922267726498,0.00688684476254659,0.7698429252327889,0.12089804945817378,0.06679942818173719,0.024947477618006437,59.37955867424305,1.0238391947190864,7.387036892841684,37.29128735991568,3.22160664142878
64.51002325,0.3831707212375252,12.4979081249983,1000.0,2.694733487310716,1.187515061459913,0.13577528183319834,0.12835502029255172,0.0074658759030014395,0.059560297293377855,0.01807080766308542,0.04975524664859464,0.01928120610112893,0.008863940115164321,0.15715138090614858,0.20418296622866092,0.008333760891624069,0.006525777332648076,0.18890239395993824,0.06570981433654591,0.001097031612094137,0.1620154842560588,0.010381989619687367,0.017841147686232163,0.3568602350483829,0.05779591541441456,0.009643160336938798,0.013224079674832087,0.030410802925035677,0.02718252365183661,0.008598930736805776,0.013809407518165343,0.009098363182731268,0.00688580905400384,0.0020213454437860035,0.009863374541341707,0.030509543744306984,0.014369591579720061,0.0005196951570065755,0.08059293942816796,0.043404227518032384,0.07372559669954,0.015697707004483454,0.002689785620981379,0.03507255901546565,0.05867695973592897,0.0010852992751964952,0.0,0.07271122656922714,0.03525976551036251,0.029622358845542228,-3.065372792518283e-05,0.0008054623410209419,0.017747508447866073,0.01338693910397173,0.02658198973357176,0.01506775955264659,0.040319186479053595,0.023735773188042424,0.003599651469363537,0.017669343197311376,0.009313253891497592,0.030329522441100088,0.005689542581456375,0.0016733174835167257,0.011110470723562133,0.0022000703716950785,0.004607320617503137,0.010525039647743078,0.00565031002328299,0.004324828431431018,0.005604488844825662,0.004524794672250814,0.0,-6.074564640385602e-06,0.0,0.0011199509795954022,0.001331678350046974,-8.848498782527004e-06,-2.026025316475429e-05,0.8250823894978898,0.08368811866973992,0.0,24.120733322227675,8.744642250384993,-0.0004914888114827502,0.4209050221020571,0.8294982243881682,1.2696321881608073,1.8433511933046092,0.01601968772315802,8.538799006621199,-0.0005841196018923575,-0.0003600534914718174,5.396547762452894,0.031737501887732056,0.13127900355505964,0.029072395151212228,0.0331090666016958,-1.1165962749379314e-05,0.17257619634573895,0.14382601892656152,0.3284504330425514,0.6049414836712057,0.08325437087751492,2.4666996875637133,0.37669241153614375,0.11449178791810172,0.039151734861886715,0.04629092138079002,3.0826323441804306,0.14344236592702725,0.01108009333565845,7.681734793085563,-0.00011584651239390632,0.6636379743614118,0.031356571557227944,-4.884406441045313e-05,0.021539216232173454,0.042098629415885096,0.06412201899828593,0.5442841839095989,0.0845904432796954,0.03265212696438796,0.04525655258983595,0.8369486593096632,0.003267750951518127,-1.8188580830749954e-05,0.5993833114505431,0.45075669541164287,0.03455680565398815,0.8855095980938933,0.026026340527643087,-0.0007898152456738401,1.2928280003205839,0.08150473087842804,0.00839406586874332,0.011270883823693128,0.2016644499731025,0.029132419925870033,0.054651921954559014,0.630629333305065,0.07964511984036506,0.6572656356157471,0.0971135715669244,0.08616089836938887,0.08105523310950104,0.0010801538029282748,0.013926862561230787,0.5410423797762368,0.012037238960273438,0.05495922013447996,0.0025237874326902677,0.2799045802464838,0.011461890608364713,0.0013656049691289796,0.6099765912827064,0.08303382274762224,0.00537930824491561,0.8451051187580634,0.1221663767327433,0.05850969361394328,0.03290446999764404,61.567767097227794,0.6207319327745954,5.25334743386709,41.05461296976739,3.118615531700603
73.04684782,0.3804857347954772,14.573849863222906,1000.0,3.34902268603281,1.0092403225006878,0.14234741719702926,0.10392976929375698,-0.0009640905150528276,0.02959530677861964,0.0,0.037073707364695986,0.0314780266460899,-0.0005598972754346786,0.14558293172490536,0.19820041353957898,0.0,-0.0003509158057783205,0.15045716082778124,0.06069235498652556,0.0,0.11098309667216176,0.0,0.018107707737287173,0.305469797745216,0.05083271984203004,0.0,0.005218065709708992,0.026932609113832127,0.025204330674093094,-0.0003376610650881735,0.013129464848134683,0.0,0.0,0.0,0.0,0.024443265556001088,0.005409707802361582,0.0024677040417723914,0.05710039363619596,0.03528202815068877,0.0672736579848725,0.0068737203866950335,0.0036895166648819523,0.029358980258672087,0.01134944591895284,-0.00024584565943874993,0.0,0.05857208168779555,0.02944028957515945,0.024885628561824902,0.0,0.0,0.006818817427576811,-0.00035499581473246686,0.03732556330304127,0.00693538391800607,0.04323246964310681,0.0,0.0,0.0,0.0,0.010042936752220297,0.0,0.0,0.0,0.0,0.0,0.007573664696637273,0.0,0.0,0.0,0.0,0.0,0.0,0.0,0.0,0.0,0.0,0.0,1.0862671797516197,-0.03272530759469791,0.0,25.083719531702386,9.195139773543383,0.0,0.38576458748240244,0.8703439496758992,1.3820659442698178,2.116185778910391,0.0,8.417796080114636,0.0,-0.0034995576089755153,4.56121050984702,-0.011827877208729364,0.05210238993893163,0.045873394920513615,0.0,0.0,0.1133664340349366,0.18650864151613591,0.29558090975622286,0.5365228492691121,0.08585619362100795,2.3078016066706013,0.265752326548601,0.16081988976595177,0.02997859625233564,0.08458073271424922,3.2628312230305108,0.18168460538148418,0.0,6.326543922755389,0.0,0.6492813461046485,0.0,0.0,0.0075458542661931815,0.06611361333918782,0.024802664633799588,0.39919429326165456,0.0871393161129544,0.028078739950627145,0.07843187298511466,0.7124578170549012,0.0,0.00850287153176296,0.6069072430504662,0.5701740663747842,0.01256714614159193,0.708100244536321,0.0,0.009477821798452003,1.3291270222681693,0.09345848118020283,0.00416230455925317,0.015227825616597034,0.15789282642700425,0.038393198257909655,0.08376492461146653,0.3960018012779706,0.07879718648937342,0.4955142290950158,0.08675720198854503,0.05617717724843619,0.07261384830479144,0.0,0.01963730256535554,0.5636604966812765,0.009205858000034265,0.05143206998434764,0.004822317401132519,0.20655475410376287,0.005103135982431138,0.004113154730064944,0.46992161007687105,0.05990560405703979,0.0,0.8763581796863686,0.1633826239061059,0.03061711434840278,0.01715709275407658,64.72515363615501,1.0836824537550356,5.854171512380907,55.18231062825181,3.8212661814775775
84.14909459,0.31556878426493057,14.241264196978895,1000.0,3.35818468460682,0.5865509391388687,0.12847925657133477,0.06807098528842859,-0.001912093538641721,0.009585899163702874,0.027265861654206414,0.04761342468915666,0.010272548867048157,-0.0003797518757118482,0.11756912670935742,0.15733299403841006,0.00685274358533473,0.003986902857099695,0.12427937540589176,0.017001339301081077,0.0,0.09456958786358358,0.0,0.011724464280072665,0.3187746555817994,0.021280502930690268,0.0,0.0,0.006507853658512445,0.0,0.0,0.006083097866748863,0.0,0.0,0.0,0.0,0.011597441019717719,0.0,0.0,0.06020796067681312,0.01648655066002813,0.04500657287687709,0.00509064208576264,0.0,0.014549963295019513,0.009801955586598788,0.0,0.0,0.054077954585822124,0.006078942011827846,0.010055045450120027,-0.0008267299333629834,0.0,0.0,-0.0008534673009610157,0.007395783634076127,0.004279757037258643,0.02019221531672403,0.0,0.0,0.0,0.0,0.0,0.0,0.0,0.0,0.0,0.0034966710857220963,0.0,0.0,0.0,0.0,0.0,0.0,0.0,0.0,0.0,0.0,0.0,0.0032630626052016637,1.2116991241803468,-0.022196032866421675,0.0,27.125645389738,9.037403655259293,0.0,0.31578692712113016,0.7690682408797096,0.6786378735098963,2.0618811873025824,0.0,7.74060808792086,0.0,-0.002373584566174748,4.832782978944906,0.3211279692225866,0.0389494928834599,0.03692523529219792,0.0,0.0,0.14552216142643806,0.14980374972170427,0.31801723225955486,0.465584164369002,0.056878993797774904,1.8676821976674887,0.21508234774175028,0.14352790644587723,0.0,0.05426866359596839,3.0945408058613957,0.1321405027141289,0.01795529563434848,5.1637115398171165,-0.002101189440641413,0.5589052115305827,0.04131248217106404,0.0,0.0,0.017510224886950046,0.033563177681031564,0.35792035625286556,0.05014547311423279,0.0,0.03728165914240562,0.4699761885296868,0.0,0.0,0.49274896759975106,0.45869835006528786,0.0,0.5874921467142035,0.0,0.0,1.2581117819863745,0.08123844185166042,0.00297888938854857,0.010874782579681407,0.12232206780683678,0.023046461079640063,0.059605952118852924,0.3556880817615671,0.059157505052045985,0.5233075662443814,0.07128788918427754,0.05409614007859353,0.08159256612214057,0.0,0.0032815813268891967,0.4825794515124712,-0.0008309708467160454,0.04984821190660644,0.0,0.11897698385595704,0.0,0.0,0.3827272106586247,0.03745569069574628,0.010024265305281227,0.9836665811259332,0.12467619200444689,0.019500025807733974,0.0,52.07834192472993,0.7815653319262396,4.303023121211201,62.33469855830317,3.921068167064681
99.67463096,0.2890889103210891,17.890700967855558,1000.0,3.310208918493174,0.2673875854221887,0.13891000647844656,0.012724878232125625,-0.001356711867417047,0.006872489957851978,0.010675149801548222,0.03540404027983084,0.0,-0.0005050630937797201,0.10147430709375761,0.16361369303241996,0.008206736023626886,0.0,0.1475004907745153,0.016510301098791008,0.0,0.07695443129808605,0.0,0.006952441109612654,0.3557036676726128,0.007142116373460044,0.0032869551211820486,0.014439621842690334,0.005722378200555026,0.0,0.0,0.0,0.0,0.0,0.0,0.0036530527798972648,0.015129742948980285,0.0,0.004950013177138571,0.04791166154721126,0.019137366119552617,0.02478635172074097,0.0,0.0012017034189128488,0.0,0.006059992024351886,0.0020235627375092763,0.0,0.039136211862800356,0.004783575160059178,0.009726569201611829,-0.0008914619400174845,0.0,0.0,-0.0009202934327721637,0.009011572796485656,0.0,0.0,0.0,0.0,0.0,0.0,0.0,0.005110410322105786,0.0026558254593599634,0.0,0.0,0.0,0.0,0.0,0.0,0.0,0.0,0.0,0.0,0.0,0.0,0.0,0.0,0.0,1.3244461001674557,0.0,0.0,26.91042268765807,9.790038192257269,0.0,0.32992220629895797,0.9470559147745917,0.7651305315644698,1.9232712017082423,0.0,8.265999766654167,0.0,0.0,4.552944455601542,-0.037226526099050375,0.04216483183510954,0.014732685979293182,0.014552860597866889,0.006266589596823539,0.07820426121966954,0.16192236303518984,0.28789425522071926,0.14219674209303854,0.11394887802785131,1.9798545789469213,0.13627737258818265,0.1339082519184341,0.009977414481113096,0.07967676598541834,3.423209797042581,0.18063173951939207,0.0113624718816085,4.927930510926775,-0.002265711495805573,0.6179726207917491,0.01538050194843458,0.0,0.0034659012074237717,0.037028613628365716,0.022606106955581105,0.3091241928894672,0.029449025696158055,0.03822967375339894,0.03004789550218259,0.5112555612032504,0.0,0.0,0.41915995992525734,0.48660667136087304,0.0,0.5750168255078041,0.0,0.0029994091011126735,1.405329441856792,0.0960699152751378,0.0,0.002235216574498265,0.1142467281694126,0.008116408427393746,0.0,0.26914351379811563,0.049919615209164124,0.3889473012539659,0.08404852267481305,0.03966194537195069,0.014330155301920312,-0.00050514049205715,0.020945454590346003,0.5663045937213383,0.00828985669828952,0.045949256137113655,0.0,0.1028961324825048,0.005842087959254392,0.0,0.3083765128412539,0.008070449076491137,0.00343315031665302,1.1485269159100477,0.16829412420279816,0.011468675006484276,0.0065617231857294685,55.24620272660402,0.16380742218965075,1.9679533211614098,81.29539779808923,5.849624374173684
108.9594732,0.3208980589524649,16.763364009580012,1000.0,2.5527211785074613,0.299020208051862,0.16050080001352476,0.07665400035613815,0.021380592909185425,0.0443818913340376,0.021914638125528525,0.05371453052973519,0.014268195867516088,0.005285548134267392,0.1364949783908796,0.18059511424088115,0.007873157111156374,0.0031760159894235595,0.16449889431164905,0.039912882687830824,0.0,0.13324502330087967,0.005960661196700633,0.019494963898574566,0.3690203355581921,0.02856277028769778,0.0051757377992446355,0.017290236285857043,0.020327784794871545,0.018501146861250234,0.006168878278563808,0.016379715567509123,0.0055031600000059345,0.00618802756419951,0.00217638692800217,0.007016482138025717,0.029716234523980846,0.0073102874123095974,0.002396539585890213,0.07564538935162077,0.0396098139191106,0.06356247166683313,0.010089526226733316,0.0015481430569539456,0.025979815635257086,0.03151206838838344,-9.859685091253697e-05,0.0,0.06545476152950376,0.026763668985840094,0.031460709553522787,0.0,0.0,0.009155803325355906,0.0030146286362238445,0.029697955315465638,0.00820435141686961,0.028899871100370265,0.01366682459205143,0.004968598732688619,0.002053730338764762,0.008690834188055723,0.02401601173213962,0.003791534271117277,0.001073216791996204,0.002824140940918799,0.004190025797809389,0.0012819681383973852,0.006557192597035828,0.0,0.0,0.0046327174698919575,0.0,0.0,0.0,0.0,0.0015229502831812832,0.002039315061918958,0.0,0.0,0.9691286035838105,0.03802118286873731,0.0,25.958534035343835,9.226403272949181,0.0,0.399527974093297,0.9334923396678126,1.0463795808136984,1.7846236185122373,0.005929362325665464,8.501874978818906,0.0,0.0,5.5272783290888405,0.22162646076656767,0.1287887611137359,0.026757271092107605,0.04029177793767575,0.009796821734711338,0.12565846458448277,0.16084651052958318,0.3743934662701158,0.5249218923553859,0.08557529873533502,2.326433634163187,0.3210138755895986,0.1361345881218511,0.021660472016701265,0.03260949783675055,3.2979589082428773,0.14008089253077158,0.02056175282034787,6.512228568329143,0.0,0.6137132511179463,0.031187583504233448,0.0,0.014534892528785544,0.04591791933547344,0.0637596687837014,0.4413912403233219,0.0820870468628633,0.02752526839705871,0.03869639496742369,0.6488178125372445,0.002776091662379519,0.0017077913942604168,0.44728657515842596,0.5051676359886741,0.01796070413062389,0.7812746074377377,0.01666221439261758,0.0029948521209849283,1.3579690417157777,0.07570752226836507,0.006653913071428162,0.009673463923267794,0.14577523120315905,0.027858496171279886,0.03397451489321612,0.48791471815668674,0.07481361649414053,0.5145748737677371,0.08966473253809774,0.0709441615615113,0.054985495398904495,0.0004574382081199056,0.019583710247067596,0.5456821589814848,0.007448206209109309,0.04706220469450197,0.0012174109204220252,0.2302842912181271,0.006571605597186157,0.0009075970619094639,0.49914133386695225,0.05096550232590985,0.005247040865910828,0.9722833886290363,0.09832178853374661,0.04693599152748421,0.010821437149515703,65.8075210742003,0.07356842837113309,1.4430723860326475,52.603195291024534,4.410551082445737
120.7157263,0.38680075651758383,17.58967013253005,1000.0,2.91587108526244,0.33045892155242196,0.12900356463014703,0.06830022294837061,0.016285985859654892,0.03582057137306432,0.013868197602712747,0.04775110859136501,0.009169674588871992,0.004981748216961706,0.14032312692616378,0.17394797643055077,0.00991496579208809,0.007206300297272768,0.16519009400775816,0.029137811938132016,0.0,0.11581173374120737,0.006328524773024847,0.016713007907724037,0.34592436133738386,0.02489896119775634,0.0,0.015343191625639106,0.01727437453947661,0.014178361450257599,0.003539241464196702,0.007810063592767414,0.0,0.0019547303740638836,0.003425871363351551,0.001786695224460603,0.027123738842418428,0.010838586198607714,0.0018928661345738336,0.06711676398786966,0.035333109228489444,0.05353467975539601,0.00543151109684606,0.00226298207057981,0.02813044583475476,0.020595824617338842,0.0,0.0,0.052000389324412935,0.023181545533618307,0.031805150698969144,0.00606888133649545,0.0,0.004184826362987185,0.006615322984078748,0.01783584580564296,0.00624853733847211,0.03170152231934493,0.013852969864870808,0.0012202872723456044,0.002489830766149976,0.0,0.013976066249072562,0.0023773637803680505,0.0,0.0017562346028219481,0.004328796026249947,0.0,0.0,0.002245708386884762,0.0,0.004642145648630841,0.001892897010302491,0.0,0.0,0.0,0.0,0.0,0.0,-0.00031082810454054953,0.9405236170636389,0.060475975817751264,0.0,23.47114748382566,9.096709428841287,0.0,0.3692482679945678,0.918993410133025,1.0581074216546624,1.8088711582325931,0.012147530981644842,8.1811682639475,0.0,-0.006585561783460093,4.761053157032029,-0.024877144493653025,0.11339510718355597,0.0169373406602382,0.05541460638668506,0.005728572485871549,0.14659495356946436,0.17183073809114283,0.33100347334811364,0.5359536660043326,0.09287527030742006,2.219182363983317,0.258615690729788,0.10626330315826016,0.007054897302335767,0.049914776307741326,3.1974308931760853,0.12831753853042946,0.02490440861971652,5.507420147823867,0.0,0.6028808650254744,0.023649331262447212,0.0,0.015145516634183974,0.03682089223552337,0.06943078535323818,0.41940648784437345,0.06793249730835818,0.03059777677130488,0.02726256383739367,0.5924640459974502,0.008418866493306233,0.0,0.3601977977327685,0.46601064373607903,0.015752959716173177,0.6994453740887152,0.01386064891588561,0.0021073255151907062,1.3648074129709837,0.07298044008575412,0.006407551200523127,0.010737495632347297,0.1304350427441675,0.03147554329013194,0.014659032649846138,0.4237021859471619,0.06773230980448357,0.3940416384886119,0.0875637731678648,0.07461026988428278,0.06496478745191533,0.0,0.01835525403746856,0.553607870755944,0.006721457443678981,0.05656487436770901,0.0,0.1832679888017211,0.0069003728569974315,0.001164791580720681,0.48186287406584016,0.04417498564045763,0.004086623106185788,0.8850507803391949,0.12883433862084265,0.02902586598027118,0.0204153997239527,63.056002306241226,0.15228732812295134,1.6895381780022116,53.15681890444239,4.757163623564942
124.7217351,,,1000.0,,,0.0,0.0,0.0,0.0,0.0,0.031996585583229736,0.0,0.0,0.06173009900332272,0.029984646930449613,0.0,0.0,0.09544106431096605,0.020368969869125748,0.0,0.0,0.0,0.0,0.2724164029046042,0.0,0.0,0.0,0.0,0.0,0.0,0.0,0.0,0.0,0.0,0.0,0.01671893757704915,0.0,0.005628850633776802,0.032583125429508294,0.0,0.0,0.0,0.0,0.0,0.0,-0.0004853928487191569,0.0,0.0,0.0,0.0,0.0,0.0,0.0,0.013177349718568617,0.0,0.0,0.0,0.0,0.0,0.0,0.0,0.0,0.0,0.0,-0.003512545165941668,0.0,0.0,0.0,0.0,0.0,0.0,0.0,0.0,0.0,0.0,0.0,0.0,0.0,0.006867466326206429,1.2123462645435572,0.0,0.0,23.734404845591445,9.466401656402594,0.0,0.17240714363468654,0.8764091335890015,0.0,1.9472224656210562,0.0,6.049077706491093,0.0,-0.030382372512323612,3.6997978556237654,-0.054043610366069354,0.0,0.04944992952534234,0.0,0.0,0.0,0.14731188607393245,0.0,0.0,0.06140081981772544,1.06278531297213,0.0,0.05223866216913188,0.0,0.04928238566328982,2.961231097281942,0.10953178832843097,0.0,3.6412477200667617,0.0,0.5686891934007945,0.0,0.0,0.0,0.0,-0.023935826095545155,0.1889703259869078,0.0,-0.0017052349525540406,0.0,0.3011380480843321,0.0,0.0,0.38112087276044865,0.4299142689377788,0.0,0.6043596979716415,0.0,0.0,1.3520042461656627,0.07986432558883776,0.0,0.0,0.027935311215662957,0.0091087105163116,0.0,0.11859561134146414,0.0,0.0,0.027789935383485034,0.0,0.0,-0.0012229209968730229,-0.001319690145525459,0.48589766463440515,0.010325633033016788,0.02247712316345393,0.0,-0.003280559000349587,0.00840515128955762,0.0,0.10754331359781912,0.03227752767991581,0.0,1.180764897556378,0.0,0.0,-0.0017904666771451517,46.975069347658916,0.5931596439979174,2.7737980763750647,111.85391378258227,5.447140548960513
132.4701964,0.2560575773949163,19.089540893947515,1000.0,3.186641265120686,0.17098851466060858,0.025418509300942978,0.0,0.01716400402842001,0.0,0.0,0.03800982921357487,0.0,-0.0004915984630910993,0.12555259085161719,0.13317176264787506,0.0035501062971387783,-0.0003656076258603002,0.13869456846373834,0.0,0.0,0.036331745947480336,0.0,0.0050322921591635416,0.2903173900771493,0.025493811294296415,0.0,0.0047532277320347024,0.0,0.0,0.0,0.0,0.0,-0.0005448038524240266,-0.00022318772956240288,0.005554901855673852,0.007828798345718879,0.0,-0.00020938523688305758,0.03929342215869127,0.015318282601424475,0.01084211031429687,0.0,0.002464389665925751,0.009491915831144403,0.0,-0.0001602858287393626,0.0,0.043008703614795814,0.0,0.013616811085565552,0.0,0.0,-0.00036891998939202116,0.0,0.0,0.0,0.009098989274349099,0.0,0.0,0.0,0.0,0.0,0.0,0.0,0.0,0.0,0.0,0.0,0.0,0.0,0.0,0.0,0.0,0.0,0.0,0.0,0.0,0.0,0.0,1.2635864652220705,-0.008237926584988092,0.0,22.890461509717632,9.040855239909858,0.13117851928721966,0.30915679579481004,0.8956030414843332,0.6494605372956302,1.8778525854876682,0.0,7.010030555900201,0.0,-0.007720275165155027,1.897221268903803,0.02195478483850179,0.05424409401981675,0.0,0.028729739617062315,0.0,0.1083566976227391,0.12517226902628614,0.35196964674738185,0.37417439620992177,0.09009221215400653,1.6944241866593819,0.19110877600259285,0.09743079096565106,0.0,0.016971767387500558,3.1673648657955247,0.12170944160117872,0.014412226485109005,2.7790129419534546,0.0,0.5899845012653198,0.0,0.0,0.006435121389747323,0.020175102375842392,0.04703538978430923,0.2804184290697184,0.03195929406049016,0.018512226202994798,0.018091110082954446,0.43860362521693624,0.0,-0.0008488687027102413,0.28593662647546886,0.4267020720035055,0.009302934342871935,0.39678630527051767,0.00817744294425453,0.0,1.3503765289211733,0.05765771641668559,0.0,0.0,0.05372766529927672,0.020236725833433413,0.0,0.1851289491022063,0.04427879699153284,0.19895182645986728,0.06734096451668686,0.044871715931493916,0.03755447751332933,0.0,0.017740215923092006,0.4963381435790174,0.005442722312796975,0.04936384052031581,0.005535004203351328,0.11195877707477031,0.0,0.0,0.2861973210742868,0.036101841806744334,0.0,0.9129932969585406,0.07918286804804996,0.0,0.009070906798144717,49.50189625297018,0.15901441364449354,1.226110505980679,71.65874137673613,4.887104665045758
136.2731999,0.3386591420774473,16.462787953446707,1000.0,4.098294266995395,0.19166221902816155,0.03505566843722704,0.0,0.0,0.019958107025969726,0.0,0.009213967237252754,0.0,0.0,0.10854020758313712,0.08776823015860918,0.0,-0.0014343474892188459,0.10595695600150441,0.0,0.0,0.027181932177571685,0.0,0.0,0.3369369923140981,0.02770219353873041,0.0,0.0,0.0,0.0,0.0,0.0,0.0,0.0,0.0,0.0,0.0,0.0,-0.0023291008282370885,0.0,0.0,0.0,0.0,-0.0016255358432706972,0.0,0.0,0.0,0.0,0.0,0.0,0.0,0.0,-0.00170800804365793,-0.0031340744496725333,0.0,0.014463281232560618,0.0,0.01583394288208141,-0.003597422604237049,0.008636088469580493,0.0,0.0,0.0,0.0,0.0,0.0,0.0,0.0,0.0,0.0,0.0,0.0,0.0,0.0,0.0,0.0,0.0,0.0,0.0,0.0,1.281599577073259,0.0,0.0,28.057419307149168,9.607896333488638,0.0,0.30911049402130325,1.1295633955532336,0.0,2.2762956199733155,0.0,6.919733247976165,0.0714505558051729,0.0,3.748451845289926,-0.05737654320451654,0.11750222517275301,-0.022379581182421428,-0.02412176793473181,0.0,-0.01225414451626231,0.16585429633579268,0.0,0.0,0.024855267188399782,1.479307752609829,0.0,0.0560125618340118,0.0,0.0968157330007261,3.5366109892184383,0.10301811809339807,-0.006122668122570164,4.454368015255796,-0.005660839962367021,0.7376587586427846,-0.023365307145989618,-0.0048778697023450805,0.0,0.0,0.06109768565359541,0.3710636555900017,0.0,0.0,0.037034866563475946,0.49652054613991387,0.0,0.0,0.3923814918503512,0.562768657649327,0.0,0.5778617244949792,0.0,0.0,1.4004465123968672,0.0,0.0,0.004475775396500421,0.0,0.015053116006513358,0.030849339939910757,0.2021106333316341,0.015837714007332415,-0.03697629867947569,0.0,0.0,0.0,0.0,0.0192470959926761,0.6373843804470584,0.0,0.01975966502794018,0.0,0.15009371723219123,-0.0022886766743985356,0.0,0.2206328266969797,0.0,0.0,1.141789044985329,0.24289024266170364,0.0,0.0,63.13730644177427,0.6025023723276399,2.4907829324552604,103.33143229921755,6.064338161940454
137.4018148,0.3160830592042529,18.414214605798282,1000.0,3.9044695814108703,0.2321206973600852,0.12572278744350465,0.0,0.0,0.0272759232929191,0.0,0.037203653261216316,-0.002042432822779076,0.0,0.11083052903313556,0.09502084148423465,0.0,0.0,0.17411754026881604,0.014957864903946067,0.0,0.03080996956921819,0.0,0.0055492480628043855,0.3336732217843539,0.0,0.0,0.0070011770583301505,0.0,0.0,0.005883196115016678,0.00890855827331561,0.0,0.0,0.0,0.0,0.01713199800610717,0.0,0.00658733219021562,0.02090919354945723,0.011180423325794584,0.042606007798479076,0.009985440655698504,-0.0001593314207940425,0.011373589309158803,0.0,0.0,0.0,0.01000911851947604,0.0,0.011874170999523816,0.0,-0.0001674159332737462,-0.00030719594776069026,-0.00548953923839933,0.018633362081563114,0.0,0.009718174006389795,0.0,0.0,0.0,0.010951154721181069,0.01501347832381679,0.0,0.0,0.0,0.0,0.0,0.0,0.0,0.0,0.0,0.0,0.0,0.0,0.0,0.0,0.0,0.0,0.0,1.3567727680175004,0.0,0.0,23.657815039345504,9.135668540022346,0.0,0.292352744628956,0.9161471992802509,0.4869268484619237,1.869108959726708,0.0,7.08590491565691,-0.0023754504812520125,-0.013733952840840181,4.863975184410532,-0.08418288785292488,0.0,-0.0013834799639517793,0.0,0.0,0.09855624811800374,0.15015113619205653,0.31117210424301867,0.0,0.05322587188217194,1.6689257544909433,0.10631431899562589,0.1358703100935296,0.0,0.07252501369112994,3.107357592534454,0.13988014945677868,-0.005107404195419403,4.802632690118385,0.0,0.5988246346615943,-0.0022902185320587643,0.011544367319937405,0.005820730745360748,0.023473623839418218,0.03229338385326366,0.3138765438614562,0.023531180456482684,0.0,0.0,0.38913069142128676,0.0,0.0,0.3404815135300884,0.46809635637026864,0.0,0.63874326523568,0.0,0.0,1.2622267080111047,0.07097275743643443,0.005192742441201615,-0.0006047989269533528,0.08274614135446544,0.02114239990523718,0.03337806529998286,0.23959914610286126,0.03752543453419523,0.34162643170112644,0.07850839016104175,0.04940023614719065,0.05780467986148783,0.0,0.013425379814797751,0.4554480141755433,0.00749248347555033,0.01378769114110784,-0.002322333239706386,0.08896314339479455,-0.00022433118777334744,0.0,0.2312875912751938,0.018935971749530326,0.0,1.0086354803417144,0.21326336239385763,0.00908321192938844,0.011706823143840753,61.581429914639294,0.10800640064986881,1.1336446832570393,86.62961516554665,6.30074949913465
138.5187557,0.3097699147664939,17.866562952600024,1000.0,2.972374794359589,0.34270166193865736,0.15272734601027996,0.08766662381223093,0.011256466657065355,0.06079708177684728,0.012952628951655292,0.05773032079827095,0.016357044048593054,0.007824478122732797,0.13471531497249334,0.18801076186361101,0.006830831542785818,0.005361509116334665,0.17586321045324757,0.03902812050071655,0.0010161093072134197,0.13126120235437552,0.005910618585612954,0.014735733937481328,0.39399161423760237,0.026104274748196057,0.005444465543476656,0.02000689783752519,0.026293438751641373,0.01882639901040563,0.005768558580730926,0.015525261943015088,0.006318678741769113,0.004752701478717866,0.0037229820712856385,0.00325303846731011,0.025422929676907312,0.008149492419932595,0.0011315856117258024,0.08494041244732818,0.028317599896365925,0.058911675401789945,0.008634347188639764,0.0028884481600052335,0.03150398808789319,0.031644311843324675,-0.0002725249318062806,0.0,0.0630018659996489,0.029778809472744385,0.026458078979981103,0.0,0.0006715401263851543,0.016283894063121418,0.007021632634883319,0.02416326760382683,0.011384525905602202,0.032614372372546045,0.019662955427780907,0.0016643264396323904,0.0015571893711663165,0.005286992582804111,0.02895136125534233,0.008105306742374653,0.0,0.002703071350673922,0.0014506109708962908,0.0017577875501418772,0.007311302655822052,0.006196444909492202,0.0,0.003762124019028081,0.006370837695898656,0.0,0.0,0.0,0.0,0.0024238173296716988,0.0,0.0,0.9245729912448655,0.045530034178572376,0.0,23.331753206585216,9.481548162611173,0.02270928179806104,0.3669102112275078,0.8953660765219044,1.2134669857626923,1.8275299009712545,0.0,8.207898424281854,0.0,0.0,5.7949046637633215,0.023985737220083563,0.13067859524483583,0.019664214957015935,0.053496626189790834,0.0031252441464911474,0.13555217261418062,0.1545735561797995,0.3607325211798067,0.556055111438567,0.09945395360329279,2.205621258932734,0.2564622430328009,0.13765200504799702,0.01501791787943135,0.052987486754469224,3.2841085834989374,0.14138685835070908,0.0147177487880005,7.03737436110724,0.0,0.5967984993390882,0.01376866394826185,0.0,0.012778102578814817,0.040536730435478306,0.05520107608197359,0.4752174167785601,0.07638552374189428,0.037568995546253814,0.042056917112804924,0.678147673629258,0.0028108086226138486,0.0018608103809552023,0.4098261605816636,0.4743659626673541,0.023002929476684968,0.8217093722610056,0.02259265036379568,0.00338918549507629,1.3349729714183756,0.07343214883303921,0.011147815609013737,0.008476970021040354,0.1327141729780811,0.028523843879589297,0.03301900306184567,0.4948437238720336,0.07136122420419103,0.45363448041177107,0.09464620777830891,0.07865169972463205,0.07180616169997008,0.0008286763145349635,0.025120542751318403,0.54806538614857,0.011183816965885829,0.048484611365333594,0.0028749896074216573,0.2150530539838736,0.005410182849045591,0.006294455068400458,0.5240266738622769,0.0485138252591058,0.007247056935851539,0.938969683187,0.14835264848844748,0.038066811192594294,0.031330769889207695,62.08665336605522,0.14958429819727856,1.575421499137953,48.691596274300394,4.323247026704187
147.3793367,0.3276935883716055,17.69482791359798,1000.0,3.868492209852948,0.21360955276201185,0.09726796232755174,0.05098656767508409,0.0,0.0,0.0,0.04137874606862055,0.0,0.0,0.08163328513776397,0.1091096600255688,0.009904629985956278,0.0,0.1179805565627891,0.0,0.0,0.023910166125696703,0.0,0.0,0.3925211589569787,0.0,0.0,0.013731150939571578,0.0,0.0,0.010615728620669418,0.0,0.0,-0.0005593108333692711,0.004542262027849722,0.010139459506085512,0.0,0.0,-0.00021496164690291235,0.057384438643676434,0.0,0.0,0.0,0.0,0.0,0.0,-0.0014400303921854032,0.0,0.07644370890959705,0.0,-0.004867746802100532,0.0,0.0,-0.00037874514528908544,0.0,0.0,0.0,0.0,0.0,0.007323307565632375,-0.004157309502213416,0.0,0.02056081461873044,0.0,0.0,0.0,0.0,0.0,0.0,0.0,0.0,0.0,0.0,0.0,0.0,0.0,0.0,0.0,0.0,0.0,1.0351173147769612,0.0,0.0,23.431886549967754,8.112986263014337,-0.06501291621823552,0.2691925480789512,0.8106407196125217,0.0,2.294722123647252,0.0,6.894748206152591,0.0,0.0,6.388174364422461,0.297367633032253,0.0,0.0,0.0,0.0,0.05101297032213585,0.1392241126301159,0.41833571074077197,0.0,0.09787086069164502,1.4225266403611132,0.07888109278721762,0.09643167333766607,0.0,0.02230423727325577,3.501729191146496,0.18431930341710162,-0.018690977157423985,5.6632747932129,0.03485005030309533,0.6160784987132469,0.06935373958680058,0.0,0.0,0.02913213957550176,-0.0021900004545686567,0.29215301611390376,0.0,0.0,0.0,0.25982402000269256,0.0,-0.0008714739669909484,0.40171404698003715,0.488886428712423,0.0,0.72162090068061,0.0,0.028786328577155112,1.2483791756650937,0.06402455786861468,0.0,0.0,0.07111644080629141,0.035977123632474343,0.035482908444381324,0.3651625360445211,0.03432102991433179,0.4057918440651605,0.04946612617071088,0.034317828006114715,0.0,0.0,0.0,0.3917666561318894,0.0,0.03561028251405366,0.0,0.13293758654650178,-0.0019025162413358729,0.0,0.2551776026506465,0.0,0.0,1.1434957823930905,0.1411971085024775,0.0,0.0,60.8494353489575,0.22446301160902757,1.7361657030698638,92.25211433836894,5.906216120271633
