dat_flg	plume_bg_num	plume_num	t_start	t_stop	wind_speed_m_per_s_new	wind_speed_m_per_s	dist_from_fire_m_new	dist_from_fire_m	IsEmissionPass	Age_physical_avg_min	Flight_ID	closest_fire	emission_pass_name
2290	0	NA	2018-07-24 19:45:00	2018-07-24 19:45:14	NA	NA	NA	NA	NA	NA	NA	NA	
2291	NA	0	2018-07-24 19:45:15	2018-07-24 19:53:39	7.746666667	9.18	27226.39619	35477.98	NA	58.57658389	RF01	Rattlesnake Creek Fire	
2292	0	NA	2018-07-24 19:53:40	2018-07-24 19:53:54	NA	NA	NA	NA	NA	NA	NA	NA	
2702	1	NA	2018-07-24 20:00:44	2018-07-24 20:00:58	NA	NA	NA	NA	NA	NA	NA	NA	
2703	NA	1	2018-07-24 20:00:59	2018-07-24 20:06:31	7.746666667	9.32	29280.78658	42840.09	NA	62.99652878	RF01	Rattlesnake Creek Fire	
2704	1	NA	2018-07-24 20:06:32	2018-07-24 20:06:46	NA	NA	NA	NA	NA	NA	NA	NA	
3350	2	NA	2018-07-24 20:17:33	2018-07-24 20:17:47	NA	NA	NA	NA	NA	NA	NA	NA	
3351	NA	2	2018-07-24 20:17:48	2018-07-24 20:26:39	7.746666667	7.13	23560.1615	37023.34	NA	50.68881562	RF01	Rattlesnake Creek Fire	
3352	2	NA	2018-07-24 20:26:40	2018-07-24 20:26:54	NA	NA	NA	NA	NA	NA	NA	NA	
3716	3	NA	2018-07-24 20:32:58	2018-07-24 20:33:12	NA	NA	NA	NA	NA	NA	NA	NA	
3717	NA	3	2018-07-24 20:33:13	2018-07-24 20:37:17	7.746666667	8.67	57579.93872	62787	NA	123.8811074	RF01	Rattlesnake Creek Fire	
3718	3	NA	2018-07-24 20:37:18	2018-07-24 20:37:32	NA	NA	NA	NA	NA	NA	NA	NA	
4925	4	NA	2018-07-24 20:57:41	2018-07-24 20:57:55	NA	NA	NA	NA	NA	NA	NA	NA	
4926	NA	4	2018-07-24 20:57:56	2018-07-24 21:03:38	7.746666667	6.54	44729.5446	48711.61	NA	96.23395998	RF01	Rattlesnake Creek Fire	
4927	4	NA	2018-07-24 21:03:39	2018-07-24 21:03:53	NA	NA	NA	NA	NA	NA	NA	NA	
5221	5	NA	2018-07-24 21:08:48	2018-07-24 21:09:02	NA	NA	NA	NA	NA	NA	NA	NA	
5222	NA	5	2018-07-24 21:09:03	2018-07-24 21:13:48	7.746666667	7.93	44093.11524	51208.7	NA	94.86470578	RF01	Rattlesnake Creek Fire	
5223	5	NA	2018-07-24 21:13:49	2018-07-24 21:14:03	NA	NA	NA	NA	NA	NA	NA	NA	
6242	6	NA	2018-07-24 21:31:04	2018-07-24 21:31:18	NA	NA	NA	NA	NA	NA	NA	NA	
6243	NA	6	2018-07-24 21:31:19	2018-07-24 21:39:56	7.746666667	7.35	87794.94451	94897.78	NA	188.8875742	RF01	Rattlesnake Creek Fire	
6244	6	NA	2018-07-24 21:39:57	2018-07-24 21:40:11	NA	NA	NA	NA	NA	NA	NA	NA	
7177	7	NA	2018-07-24 21:55:45	2018-07-24 21:55:59	NA	NA	NA	NA	NA	NA	NA	NA	
7178	NA	7	2018-07-24 21:56:00	2018-07-24 22:02:20	7.746666667	7.93	54282.67805	54545.49	NA	116.7871731	RF01	Rattlesnake Creek Fire	
7179	7	NA	2018-07-24 22:02:21	2018-07-24 22:02:35	NA	NA	NA	NA	NA	NA	NA	NA	
7560	8	NA	2018-07-24 22:08:57	2018-07-24 22:09:11	NA	NA	NA	NA	NA	NA	NA	NA	
7561	NA	8	2018-07-24 22:09:12	2018-07-24 22:14:59	7.746666667	8.61	NA	NA	NA	25739.9306	RF01	uncertain	
7562	8	NA	2018-07-24 22:15:00	2018-07-24 22:15:14	NA	NA	NA	NA	NA	NA	NA	NA	
7607	9	NA	2018-07-24 22:15:59	2018-07-24 22:16:13	NA	NA	NA	NA	NA	NA	NA	NA	
7608	NA	9	2018-07-24 22:16:14	2018-07-24 22:26:40	7.746666667	6.67	91797.30294	95066.3	NA	197.4985003	RF01	Rattlesnake Creek Fire	
7609	9	NA	2018-07-24 22:26:41	2018-07-24 22:26:55	NA	NA	NA	NA	NA	NA	NA	NA	
7872	10	NA	2018-07-24 22:31:20	2018-07-24 22:31:34	NA	NA	NA	NA	NA	NA	NA	NA	
7873	NA	10	2018-07-24 22:31:35	2018-07-24 22:35:50	7.746666667	7.65	NA	NA	NA	25661.39946	RF01	uncertain	
7874	10	NA	2018-07-24 22:35:51	2018-07-24 22:36:05	NA	NA	NA	NA	NA	NA	NA	NA	
8136	11	NA	2018-07-24 22:40:28	2018-07-24 22:40:42	NA	NA	NA	NA	NA	NA	NA	NA	
8137	NA	11	2018-07-24 22:40:43	2018-07-24 22:52:15	7.746666667	9.76	130222.8762	148385.64	NA	280.1696992	RF01	Rattlesnake Creek Fire	
8138	11	NA	2018-07-24 22:52:16	2018-07-24 22:52:30	NA	NA	NA	NA	NA	NA	NA	NA	
8866	12	NA	2018-07-24 23:04:39	2018-07-24 23:04:53	NA	NA	NA	NA	NA	NA	NA	NA	
8867	NA	12	2018-07-24 23:04:54	2018-07-24 23:26:10	7.746666667	8.11	158737.1465	157336.83	NA	341.5170966	RF01	Rattlesnake Creek Fire	
8868	12	NA	2018-07-24 23:26:11	2018-07-24 23:26:25	NA	NA	NA	NA	NA	NA	NA	NA	
10437	13	NA	2018-07-24 23:52:37	2018-07-24 23:52:51	NA	NA	NA	NA	NA	NA	NA	NA	
10438	NA	13	2018-07-24 23:52:52	2018-07-25 00:00:10	7.746666667	6.12	23169.8341	32977.69	NA	49.84904067	RF01	Rattlesnake Creek Fire	
10439	13	NA	2018-07-25 00:00:11	2018-07-25 00:00:25	NA	NA	NA	NA	NA	NA	NA	NA	
11123	14	NA	2018-07-25 00:11:49	2018-07-25 00:12:03	NA	NA	NA	NA	NA	NA	NA	NA	
11124	NA	14	2018-07-25 00:12:04	2018-07-25 00:16:02	7.746666667	5.23	47734.02698	53890.35	NA	102.6979926	RF01	Rattlesnake Creek Fire	
11125	14	NA	2018-07-25 00:16:03	2018-07-25 00:16:17	NA	NA	NA	NA	NA	NA	NA	NA	
15677	15	NA	2018-07-26 20:56:03	2018-07-26 20:56:17	NA	NA	NA	NA	NA	NA	NA	NA	
15678	NA	15	2018-07-26 20:56:18	2018-07-26 21:02:54	6.525652174	12.29	397917.5601	409140.93	NA	1016.290657	RF02	Carr Fire	
15679	15	NA	2018-07-26 21:02:55	2018-07-26 21:03:09	NA	NA	NA	NA	NA	NA	NA	NA	
16391	16	NA	2018-07-26 21:15:01	2018-07-26 21:15:15	NA	NA	NA	NA	NA	NA	NA	NA	
16392	NA	16	2018-07-26 21:15:16	2018-07-26 21:43:12	6.525652174	6.51	192793.4255	297150.32	NA	492.3988703	RF02	Carr Fire	
16393	16	NA	2018-07-26 21:43:13	2018-07-26 21:43:27	NA	NA	NA	NA	NA	NA	NA	NA	
16917	17	NA	2018-07-26 21:51:45	2018-07-26 21:52:14	NA	NA	NA	NA	NA	NA	NA	NA	
16918	NA	17	2018-07-26 21:52:15	2018-07-26 21:54:09	6.525652174	9.01	34071.1702	36671.43	1	87.01855717	RF02	Carr Fire	Carr_Fire_a
16919	17	NA	2018-07-26 21:54:10	2018-07-26 21:54:39	NA	NA	NA	NA	NA	NA	NA	NA	
17138	18	NA	2018-07-26 21:57:40	2018-07-26 21:57:53	NA	NA	NA	NA	NA	NA	NA	NA	
17139	NA	18	2018-07-26 21:57:54	2018-07-26 21:59:50	6.525652174	7.95	36321.87499	31889.42	NA	92.76690928	RF02	Carr Fire	
17140	18	NA	2018-07-26 21:59:51	2018-07-26 22:00:05	NA	NA	NA	NA	NA	NA	NA	NA	
17174	19	NA	2018-07-26 22:00:39	2018-07-26 22:00:53	NA	NA	NA	NA	NA	NA	NA	NA	
17175	NA	19	2018-07-26 22:00:54	2018-07-26 22:02:58	6.525652174	5.53	37708.47776	40363.02	NA	96.30832484	RF02	Carr Fire	
17176	19.5	NA	2018-07-26 22:02:59	2018-07-26 22:03:10	NA	NA	NA	NA	NA	NA	NA	NA	
17177	NA	20	2018-07-26 22:03:11	2018-07-26 22:07:28	6.525652174	5.64	40856.72834	36751.5	NA	104.3490297	RF02	Carr Fire	
17178	20	NA	2018-07-26 22:07:29	2018-07-26 22:07:43	NA	NA	NA	NA	NA	NA	NA	NA	
17234	21	NA	2018-07-26 22:08:39	2018-07-26 22:08:53	NA	NA	NA	NA	NA	NA	NA	NA	
17235	NA	21	2018-07-26 22:08:54	2018-07-26 22:13:34	6.525652174	5.57	51784.01403	58958.33	NA	132.2575702	RF02	Carr Fire	
17236	21	NA	2018-07-26 22:13:35	2018-07-26 22:13:49	NA	NA	NA	NA	NA	NA	NA	NA	
18061	22	NA	2018-07-26 22:27:36	2018-07-26 22:27:50	NA	NA	NA	NA	NA	NA	NA	NA	
18062	NA	22	2018-07-26 22:27:51	2018-07-26 22:30:16	6.525652174	7.32	23155.80452	27147.19	NA	59.14046062	RF02	Carr Fire	
18063	22	NA	2018-07-26 22:30:17	2018-07-26 22:30:31	NA	NA	NA	NA	NA	NA	NA	NA	
18391	23	NA	2018-07-26 22:35:30	2018-07-26 22:36:00	NA	NA	NA	NA	NA	NA	NA	NA	
18392	NA	23	2018-07-26 22:36:05	2018-07-26 22:39:44	6.525652174	4.74	36061.0501	25918.3	1	92.10075647	RF02	Carr Fire	Carr_Fire_b
18393	23	NA	2018-07-26 22:39:45	2018-07-26 22:40:05	NA	NA	NA	NA	NA	NA	NA	NA	
18477	24	NA	2018-07-26 22:42:25	2018-07-26 22:42:39	NA	NA	NA	NA	NA	NA	NA	NA	
18478	NA	24	2018-07-26 22:42:40	2018-07-26 22:48:45	6.525652174	7.02	43689.67811	60003.6	NA	111.584449	RF02	Carr Fire	
18479	24	NA	2018-07-26 22:48:46	2018-07-26 22:49:00	NA	NA	NA	NA	NA	NA	NA	NA	
18603	25	NA	2018-07-26 22:51:04	2018-07-26 22:51:18	NA	NA	NA	NA	NA	NA	NA	NA	
18604	NA	25	2018-07-26 22:51:19	2018-07-26 22:55:29	6.525652174	5.31	58486.29469	42624.19	NA	149.3753501	RF02	Carr Fire	
18605	25	NA	2018-07-26 22:55:30	2018-07-26 22:55:41	NA	NA	NA	NA	NA	NA	NA	NA	
18606	25.5	NA	2018-07-26 22:55:42	2018-07-26 22:55:44	NA	NA	NA	NA	NA	NA	NA	NA	
18607	26	NA	2018-07-26 22:55:45	2018-07-26 22:55:56	NA	NA	NA	NA	NA	NA	NA	NA	
18608	NA	26	2018-07-26 22:55:57	2018-07-26 23:03:15	6.525652174	5.51	78833.55358	75779.57	NA	201.3427202	RF02	Carr Fire	
18609	26	NA	2018-07-26 23:03:16	2018-07-26 23:03:30	NA	NA	NA	NA	NA	NA	NA	NA	
18653	27	NA	2018-07-26 23:04:14	2018-07-26 23:04:28	NA	NA	NA	NA	NA	NA	NA	NA	
18654	NA	27	2018-07-26 23:04:29	2018-07-26 23:14:34	6.525652174	7.32	85770.70816	99475.7	NA	219.0603735	RF02	Carr Fire	
18655	27	NA	2018-07-26 23:14:35	2018-07-26 23:14:49	NA	NA	NA	NA	NA	NA	NA	NA	
18757	28	NA	2018-07-26 23:16:31	2018-07-26 23:16:45	NA	NA	NA	NA	NA	NA	NA	NA	
18758	NA	28	2018-07-26 23:16:46	2018-07-26 23:19:53	6.525652174	4.64	57751.04443	69135.7	NA	147.4975039	RF02	Carr Fire	
18759	28	NA	2018-07-26 23:19:54	2018-07-26 23:20:08	NA	NA	NA	NA	NA	NA	NA	NA	
18981	29	NA	2018-07-26 23:23:50	2018-07-26 23:24:04	NA	NA	NA	NA	NA	NA	NA	NA	
18982	NA	29	2018-07-26 23:24:05	2018-07-26 23:29:54	6.525652174	5.4	62057.98595	49224.2	NA	158.4975322	RF02	Carr Fire	
18983	29	NA	2018-07-26 23:29:55	2018-07-26 23:30:09	NA	NA	NA	NA	NA	NA	NA	NA	
19575	30	NA	2018-07-26 23:40:01	2018-07-26 23:40:15	NA	NA	NA	NA	NA	NA	NA	NA	
19576	NA	30	2018-07-26 23:40:16	2018-07-26 23:50:26	6.525652174	8.03	61820.43024	58628.47	NA	157.8908095	RF02	Carr Fire	
19577	30	NA	2018-07-26 23:50:27	2018-07-26 23:50:41	NA	NA	NA	NA	NA	NA	NA	NA	
20205	31	NA	2018-07-27 00:01:12	2018-07-27 00:01:26	NA	NA	NA	NA	NA	NA	NA	NA	
20206	NA	31	2018-07-27 00:01:27	2018-07-27 00:06:43	6.525652174	4.2	30842.7577	32886.63	NA	78.77311692	RF02	Carr Fire	
20207	31.5	NA	2018-07-27 00:06:44	2018-07-27 00:06:45	NA	NA	NA	NA	NA	NA	NA	NA	
20208	NA	32	2018-07-27 00:06:46	2018-07-27 00:11:41	6.525652174	6.23	62194.93812	42642.2	NA	158.8473112	RF02	Carr Fire	
20209	32	NA	2018-07-27 00:11:42	2018-07-27 00:11:56	NA	NA	NA	NA	NA	NA	NA	NA	
20473	33	NA	2018-07-27 00:16:20	2018-07-27 00:16:34	NA	NA	NA	NA	NA	NA	NA	NA	
20474	NA	33	2018-07-27 00:16:35	2018-07-27 00:20:52	6.525652174	7.32	67000.04393	82409.33	NA	171.1196627	RF02	Carr Fire	
20475	NA	34	2018-07-27 00:20:53	2018-07-27 00:22:08	6.525652174	7.1	48149.56362	52201.52	NA	122.9750998	RF02	Carr Fire	
20476	NA	35	2018-07-27 00:22:09	2018-07-27 00:24:53	6.525652174	5.17	43320.78298	44335.7	NA	110.6422822	RF02	Carr Fire	
20477	35	NA	2018-07-27 00:24:54	2018-07-27 00:25:08	NA	NA	NA	NA	NA	NA	NA	NA	
20859	36	NA	2018-07-27 00:31:30	2018-07-27 00:31:44	NA	NA	NA	NA	NA	NA	NA	NA	
20860	NA	36	2018-07-27 00:31:45	2018-07-27 00:42:08	6.525652174	6.75	91226.49823	96325.89	NA	232.9945876	RF02	Carr Fire	
20861	36.5	NA	2018-07-27 00:42:09	2018-07-27 00:42:18	NA	NA	NA	NA	NA	NA	NA	NA	
20862	NA	37	2018-07-27 00:42:19	2018-07-27 00:48:49	6.525652174	5.53	99210.71392	94630.42	NA	253.3864592	RF02	Carr Fire	
20863	37	NA	2018-07-27 00:48:50	2018-07-27 00:49:04	NA	NA	NA	NA	NA	NA	NA	NA	
35307	38	NA	2018-07-30 22:47:10	2018-07-30 22:47:39	NA	NA	NA	NA	NA	NA	NA	NA	
35309	NA	38	2018-07-30 22:47:40	2018-07-30 22:48:39	9.1595	7.46	11555.23713	12093.19	1	21.02596054	RF03	Taylor Creek Fire	Taylor_Creek_Fire_a
35484	38	NA	2018-07-30 22:48:40	2018-07-30 22:49:10	NA	NA	NA	NA	NA	NA	NA	NA	
35485	39	NA	2018-07-30 22:51:00	2018-07-30 22:51:29	NA	NA	NA	NA	NA	NA	NA	NA	
35489	NA	39	2018-07-30 22:51:30	2018-07-30 22:52:44	9.1595	9.03	12916.49298	10128.99	1	23.5029077	RF03	Taylor Creek Fire	Taylor_Creek_Fire_a
35692	39	NA	2018-07-30 22:52:45	2018-07-30 22:53:15	NA	NA	NA	NA	NA	NA	NA	NA	
35693	40	NA	2018-07-30 22:55:38	2018-07-30 22:55:52	NA	NA	NA	NA	NA	NA	NA	NA	
35694	NA	40	2018-07-30 22:55:53	2018-07-30 22:56:38	9.1595	8.18	17387.56575	19359.49	NA	31.63849147	RF03	Taylor Creek Fire	
35992	41	NA	2018-07-30 23:01:36	2018-07-30 23:01:50	NA	NA	NA	NA	NA	NA	NA	NA	
35993	NA	41	2018-07-30 23:01:51	2018-07-30 23:02:45	9.1595	9.77	17751.56288	17872.4	NA	32.30082225	RF03	Taylor Creek Fire	
36270	42	NA	2018-07-30 23:07:22	2018-07-30 23:07:36	NA	NA	NA	NA	NA	NA	NA	NA	
36271	NA	42	2018-07-30 23:07:37	2018-07-30 23:08:31	9.1595	8.7	19937.38607	21854.18	NA	36.27815578	RF03	Taylor Creek Fire	
36556	43	NA	2018-07-30 23:13:16	2018-07-30 23:13:30	NA	NA	NA	NA	NA	NA	NA	NA	
36557	NA	43	2018-07-30 23:13:31	2018-07-30 23:14:22	9.1595	10.45	25767.95217	25698.18	NA	46.88747962	RF03	Taylor Creek Fire	
36885	44	NA	2018-07-30 23:19:50	2018-07-30 23:20:04	NA	NA	NA	NA	NA	NA	NA	NA	
36886	NA	44	2018-07-30 23:20:05	2018-07-30 23:21:10	9.1595	8.45	25846.46856	26921.57	NA	47.03034838	RF03	Taylor Creek Fire	
37167	45	NA	2018-07-30 23:25:51	2018-07-30 23:26:05	NA	NA	NA	NA	NA	NA	NA	NA	
37168	NA	45	2018-07-30 23:26:06	2018-07-30 23:27:10	9.1595	10.18	33728.40468	33054.98	NA	61.37235418	RF03	Taylor Creek Fire	
37409	46	NA	2018-07-30 23:31:11	2018-07-30 23:31:22	NA	NA	NA	NA	NA	NA	NA	NA	
37413	NA	46	2018-07-30 23:31:26	2018-07-30 23:32:38	9.1595	9.61	35452.77348	38385.11	NA	64.51002325	RF03	Taylor Creek Fire	
37597	47	NA	2018-07-30 23:35:42	2018-07-30 23:35:51	NA	NA	NA	NA	NA	NA	NA	NA	
37598	NA	47	2018-07-30 23:35:52	2018-07-30 23:36:35	9.1595	10.05	40144.35616	39536.13	NA	73.04684782	RF03	Taylor Creek Fire	
38213	48	NA	2018-07-30 23:46:52	2018-07-30 23:47:06	NA	NA	NA	NA	NA	NA	NA	NA	
38214	NA	48	2018-07-30 23:47:07	2018-07-30 23:48:15	9.1595	10.34	46245.81792	47018.08	NA	84.14909459	RF03	Taylor Creek Fire	
39382	49	NA	2018-07-31 00:07:43	2018-07-31 00:07:59	NA	NA	NA	NA	NA	NA	NA	NA	
39383	NA	49	2018-07-31 00:08:00	2018-07-31 00:10:03	9.1595	8.98	54778.18694	50542.19	NA	99.67463096	RF03	Taylor Creek Fire	
39859	50	NA	2018-07-31 00:17:59	2018-07-31 00:18:13	NA	NA	NA	NA	NA	NA	NA	NA	
39860	NA	50	2018-07-31 00:18:14	2018-07-31 00:20:02	9.1595	8.82	59880.85769	62038.53	NA	108.9594732	RF03	Taylor Creek Fire	
40052	51	NA	2018-07-31 00:23:14	2018-07-31 00:23:28	NA	NA	NA	NA	NA	NA	NA	NA	
40053	NA	51	2018-07-31 00:23:29	2018-07-31 00:24:49	9.1595	9.86	68543.32396	67298.91	NA	124.7217351	RF03	Taylor Creek Fire	
40442	52	NA	2018-07-31 00:31:18	2018-07-31 00:31:32	NA	NA	NA	NA	NA	NA	NA	NA	
40443	NA	52	2018-07-31 00:31:33	2018-07-31 00:33:06	9.1595	8.69	66341.74169	68786.54	NA	120.7157263	RF03	Taylor Creek Fire	
41115	53	NA	2018-07-31 00:44:21	2018-07-31 00:44:35	NA	NA	NA	NA	NA	NA	NA	NA	
41116	NA	53	2018-07-31 00:44:36	2018-07-31 00:45:13	9.1595	8.64	72801.64583	71472.15	NA	132.4701964	RF03	Taylor Creek Fire	
41188	54	NA	2018-07-31 00:46:25	2018-07-31 00:46:39	NA	NA	NA	NA	NA	NA	NA	NA	
41189	NA	54	2018-07-31 00:46:40	2018-07-31 00:48:10	9.1595	9.8	76125.75258	79214.26	NA	138.5187557	RF03	Taylor Creek Fire	
41222	NA	55	2018-07-31 00:48:43	2018-07-31 00:49:20	9.1595	8.59	80995.26208	81365.98	NA	147.3793367	RF03	Taylor Creek Fire	
41243	55	NA	2018-07-31 00:49:41	2018-07-31 00:49:50	NA	NA	NA	NA	NA	NA	NA	NA	
41244	56	NA	2018-07-31 00:49:51	2018-07-31 00:49:59	NA	NA	NA	NA	NA	NA	NA	NA	
41245	NA	56	2018-07-31 00:50:00	2018-07-31 00:50:57	9.1595	8.85	75511.91536	76493.65	NA	137.4018148	RF03	Taylor Creek Fire	
41303	57	NA	2018-07-31 00:51:55	2018-07-31 00:52:09	NA	NA	NA	NA	NA	NA	NA	NA	
41304	NA	57	2018-07-31 00:52:10	2018-07-31 00:53:51	9.1595	8.74	74891.66245	79174.75	NA	136.2731999	RF03	Taylor Creek Fire	
41305	57	NA	2018-07-31 00:53:52	2018-07-31 00:54:06	NA	NA	NA	NA	NA	NA	NA	NA	
48627	58	NA	2018-07-31 20:38:55	2018-07-31 20:39:24	NA	NA	NA	NA	NA	NA	NA	NA	
48791	NA	58	2018-07-31 20:39:25	2018-07-31 20:41:39	6.344	6.29	20238.95979	22643.92	1	53.17086955	RF04	Sharps Fire	Sharps_Fire_a
49349	58	NA	2018-07-31 20:41:40	2018-07-31 20:42:10	NA	NA	NA	NA	NA	NA	NA	NA	
49350	59	NA	2018-07-31 20:53:45	2018-07-31 20:54:14	NA	NA	NA	NA	NA	NA	NA	NA	
49538	NA	59	2018-07-31 20:54:15	2018-07-31 20:55:29	6.344	7.15	19402.76613	20192.84	1	50.97405982	RF04	Sharps Fire	Sharps_Fire_a
49539	59	NA	2018-07-31 20:55:30	2018-07-31 20:56:00	NA	NA	NA	NA	NA	NA	NA	NA	
49603	NA	60	2018-07-31 20:56:17	2018-07-31 20:58:34	6.344	3.47	28857.68521	22814.45	NA	75.81359083	RF04	Sharps Fire	
49681	60	NA	2018-07-31 20:59:52	2018-07-31 21:00:06	NA	NA	NA	NA	NA	NA	NA	NA	
49843	61	NA	2018-07-31 21:02:48	2018-07-31 21:03:02	NA	NA	NA	NA	NA	NA	NA	NA	
49844	NA	61	2018-07-31 21:03:03	2018-07-31 21:08:20	6.344	4.21	30824.54014	43060.43	NA	80.98082214	RF04	Sharps Fire	
50039	61	NA	2018-07-31 21:11:35	2018-07-31 21:11:49	NA	NA	NA	NA	NA	NA	NA	NA	
50143	62	NA	2018-07-31 21:13:33	2018-07-31 21:13:47	NA	NA	NA	NA	NA	NA	NA	NA	
50338	NA	62	2018-07-31 21:17:04	2018-07-31 21:19:41	6.344	7.84	42006.14215	45467.75	NA	110.3566156	RF04	Sharps Fire	
50493	NA	63	2018-07-31 21:22:16	2018-07-31 21:23:49	6.344	3.92	49426.66005	46161.22	NA	129.8514608	RF04	Sharps Fire	
50494	63	NA	2018-07-31 21:23:50	2018-07-31 21:24:04	NA	NA	NA	NA	NA	NA	NA	NA	
50629	64	NA	2018-07-31 21:26:19	2018-07-31 21:26:33	NA	NA	NA	NA	NA	NA	NA	NA	
50843	NA	64	2018-07-31 21:30:07	2018-07-31 21:33:21	6.344	8.83	50129.57404	48470.05	NA	131.6981243	RF04	Sharps Fire	
51146	NA	65	2018-07-31 21:38:24	2018-07-31 21:41:27	6.344	7.2	65847.84172	71403.17	NA	172.9924383	RF04	Sharps Fire	
51267	65	NA	2018-07-31 21:43:28	2018-07-31 21:43:42	NA	NA	NA	NA	NA	NA	NA	NA	
51952	66	NA	2018-07-31 21:55:09	2018-07-31 21:55:23	NA	NA	NA	NA	NA	NA	NA	NA	
52114	NA	66	2018-07-31 21:58:05	2018-07-31 22:01:17	6.344	7.86	122536.3392	103302.4	NA	321.9218665	RF04	Sharps Fire	
52442	66	NA	2018-07-31 22:06:45	2018-07-31 22:06:59	NA	NA	NA	NA	NA	NA	NA	NA	
52609	67	NA	2018-07-31 22:09:46	2018-07-31 22:10:00	NA	NA	NA	NA	NA	NA	NA	NA	
52610	NA	67	2018-07-31 22:10:01	2018-07-31 22:18:52	6.344	9.42	149450.3432	167803.52	NA	392.6291068	RF04	Sharps Fire	
52611	67	NA	2018-07-31 22:18:53	2018-07-31 22:19:07	NA	NA	NA	NA	NA	NA	NA	NA	
52955	68	NA	2018-07-31 22:24:51	2018-07-31 22:25:05	NA	NA	NA	NA	NA	NA	NA	NA	
52956	NA	68	2018-07-31 22:25:06	2018-07-31 22:27:50	6.344	8.91	103550.9976	103274.94	NA	272.0444452	RF04	Sharps Fire	
52957	68	NA	2018-07-31 22:27:51	2018-07-31 22:28:05	NA	NA	NA	NA	NA	NA	NA	NA	
58406	69	NA	2018-08-01 00:02:50	2018-08-01 00:03:19	NA	NA	NA	NA	NA	NA	NA	NA	
58651	NA	69	2018-08-01 00:03:20	2018-08-01 00:05:39	6.344	3.67	18442.96298	21469.76	1	48.45250888	RF04	Sharps Fire	Sharps_Fire_b
58652	69	NA	2018-08-01 00:05:40	2018-08-01 00:06:10	NA	NA	NA	NA	NA	NA	NA	NA	
58944	NA	70	2018-08-01 00:10:19	2018-08-01 00:17:03	6.344	2.55	64809.98185	48845.15	NA	170.2658203	RF04	Sharps Fire	
58945	70	NA	2018-08-01 00:17:04	2018-08-01 00:17:18	NA	NA	NA	NA	NA	NA	NA	NA	
59235	71	NA	2018-08-01 00:22:08	2018-08-01 00:22:22	NA	NA	NA	NA	NA	NA	NA	NA	
59236	NA	71	2018-08-01 00:22:23	2018-08-01 00:25:00	6.344	7.28	106226.2221	103967.05	NA	279.0726725	RF04	Sharps Fire	
59268	72	NA	2018-08-01 00:25:32	2018-08-01 00:25:46	NA	NA	NA	NA	NA	NA	NA	NA	
59269	NA	72	2018-08-01 00:25:47	2018-08-01 00:30:43	6.344	6.52	121627.7506	111979.69	NA	319.5348639	RF04	Sharps Fire	
59462	72	NA	2018-08-01 00:33:56	2018-08-01 00:34:10	NA	NA	NA	NA	NA	NA	NA	NA	
60549	73	NA	2018-08-01 00:52:19	2018-08-01 00:52:33	NA	NA	NA	NA	NA	NA	NA	NA	
60801	NA	73	2018-08-01 00:56:45	2018-08-01 01:00:56	6.344	4.3	32253.27004	37180.01	NA	84.73431599	RF04	Sharps Fire	
60959	74	NA	2018-08-01 01:03:34	2018-08-01 01:03:48	NA	NA	NA	NA	NA	NA	NA	NA	
60960	NA	74	2018-08-01 01:03:49	2018-08-01 01:08:50	6.344	5.49	37699.73489	26128.33	NA	99.04301937	RF04	Sharps Fire	
60961	74	NA	2018-08-01 01:08:51	2018-08-01 01:09:05	NA	NA	NA	NA	NA	NA	NA	NA	
62343	75	NA	2018-08-01 01:32:09	2018-08-01 01:32:23	NA	NA	NA	NA	NA	NA	NA	NA	
62344	NA	75	2018-08-01 01:32:24	2018-08-01 01:38:27	6.344	5.32	164694.773	179913.29	NA	432.6785757	RF04	Sharps Fire	
62345	75	NA	2018-08-01 01:38:28	2018-08-01 01:38:42	NA	NA	NA	NA	NA	NA	NA	NA	
62448	76	NA	2018-08-01 01:40:25	2018-08-01 01:40:39	NA	NA	NA	NA	NA	NA	NA	NA	
62449	NA	76	2018-08-01 01:40:40	2018-08-01 01:43:18	6.344	7.55	136181.2678	144428.94	NA	357.7691986	RF04	Sharps Fire	
62450	76	NA	2018-08-01 01:43:19	2018-08-01 01:43:33	NA	NA	NA	NA	NA	NA	NA	NA	
62833	77	NA	2018-08-01 01:49:58	2018-08-01 01:50:12	NA	NA	NA	NA	NA	NA	NA	NA	
62834	NA	77	2018-08-01 01:50:13	2018-08-01 01:53:44	6.344	9.1	58104.69909	72732.98	NA	152.6500081	RF04	Sharps Fire	
62835	77	NA	2018-08-01 01:53:45	2018-08-01 01:53:59	NA	NA	NA	NA	NA	NA	NA	NA	
67169	78	NA	2018-08-02 19:40:14	2018-08-02 19:40:28	NA	NA	NA	NA	NA	NA	NA	NA	
67170	NA	78	2018-08-02 19:40:29	2018-08-02 19:54:26	10.97266667	5.94	552792.7427	NA	NA	839.6511676	RF05	Mendocino Complex Fire aged	
67171	NA	79	2018-08-02 19:54:27	2018-08-02 20:03:17	10.97266667	12.38	504374.9374	NA	NA	766.1081132	RF05	Mendocino Complex Fire aged	
67172	NA	80	2018-08-02 20:03:18	2018-08-02 20:10:33	10.97266667	13.56	451102.3779	NA	NA	685.1910473	RF05	Mendocino Complex Fire aged	
67173	NA	81	2018-08-02 20:10:34	2018-08-02 20:15:48	10.97266667	13.99	409149.6627	NA	NA	621.4679851	RF05	Mendocino Complex Fire aged	
67174	81.5	NA	2018-08-02 20:15:49	2018-08-02 20:15:49	NA	NA	NA	NA	NA	NA	NA	NA	
67175	NA	82	2018-08-02 20:15:50	2018-08-02 20:19:06	10.97266667	15.94	378856.0645	NA	NA	575.4542568	RF05	Mendocino Complex Fire aged	
67176	82.5	NA	2018-08-02 20:19:07	2018-08-02 20:19:10	NA	NA	NA	NA	NA	NA	NA	NA	
67177	NA	83	2018-08-02 20:19:11	2018-08-02 20:25:11	10.97266667	14.17	346525.9195	NA	NA	526.3471649	RF05	Mendocino Complex Fire aged	
67178	83.5	NA	2018-08-02 20:25:12	2018-08-02 20:25:14	NA	NA	NA	NA	NA	NA	NA	NA	
67179	NA	84	2018-08-02 20:25:15	2018-08-02 20:31:08	10.97266667	14.64	311917.887	NA	NA	473.780131	RF05	Mendocino Complex Fire aged	
67180	84	NA	2018-08-02 20:31:09	2018-08-02 20:31:23	NA	NA	NA	NA	NA	NA	NA	NA	
67318	85	NA	2018-08-02 20:33:41	2018-08-02 20:33:55	NA	NA	NA	NA	NA	NA	NA	NA	
67319	NA	85	2018-08-02 20:33:56	2018-08-02 20:42:06	10.97266667	10.07	269167.9923	NA	NA	408.8462123	RF05	Mendocino Complex Fire aged	
67320	85	NA	2018-08-02 20:42:07	2018-08-02 20:42:10	NA	NA	NA	NA	NA	NA	NA	NA	
67321	85.5	NA	2018-08-02 20:42:11	2018-08-02 20:42:21	NA	NA	NA	NA	NA	NA	NA	NA	
67322	86	NA	2018-08-02 20:42:22	2018-08-02 20:42:25	NA	NA	NA	NA	NA	NA	NA	NA	
67323	NA	86	2018-08-02 20:42:26	2018-08-02 20:45:37	10.97266667	11.07	277606.4897	NA	NA	421.6636638	RF05	Mendocino Complex Fire aged	
67324	86	NA	2018-08-02 20:45:38	2018-08-02 20:45:52	NA	NA	NA	NA	NA	NA	NA	NA	
67329	87	NA	2018-08-02 20:45:57	2018-08-02 20:46:11	NA	NA	NA	NA	NA	NA	NA	NA	
67330	NA	87	2018-08-02 20:46:12	2018-08-02 20:55:52	10.97266667	10.5	304057.172	NA	NA	461.8402881	RF05	Mendocino Complex Fire aged	
67331	87	NA	2018-08-02 20:55:53	2018-08-02 20:56:07	NA	NA	NA	NA	NA	NA	NA	NA	
67734	88	NA	2018-08-02 21:02:50	2018-08-02 21:03:04	NA	NA	NA	NA	NA	NA	NA	NA	
67735	NA	88	2018-08-02 21:03:05	2018-08-02 21:07:14	10.97266667	12.77	307939.7858	NA	NA	467.7376903	RF05	Mendocino Complex Fire aged	
67736	88.5	NA	2018-08-02 21:07:15	2018-08-02 21:07:22	NA	NA	NA	NA	NA	NA	NA	NA	
67737	NA	89	2018-08-02 21:07:23	2018-08-02 21:11:02	10.97266667	14.81	294055.2828	NA	NA	446.6481602	RF05	Mendocino Complex Fire aged	
67738	89	NA	2018-08-02 21:11:03	2018-08-02 21:11:17	NA	NA	NA	NA	NA	NA	NA	NA	
67784	90	NA	2018-08-02 21:12:03	2018-08-02 21:12:17	NA	NA	NA	NA	NA	NA	NA	NA	
67785	NA	90	2018-08-02 21:12:18	2018-08-02 21:15:59	10.97266667	13.66	280802.0878	NA	NA	426.5175402	RF05	Mendocino Complex Fire aged	
67786	90	NA	2018-08-02 21:16:00	2018-08-02 21:16:14	NA	NA	NA	NA	NA	NA	NA	NA	
68010	91	NA	2018-08-02 21:20:00	2018-08-02 21:20:14	NA	NA	NA	NA	NA	NA	NA	NA	
68011	NA	91	2018-08-02 21:20:15	2018-08-02 21:21:41	10.97266667	9.44	272455.7022	NA	NA	413.8399997	RF05	Mendocino Complex Fire aged	
68012	91	NA	2018-08-02 21:21:42	2018-08-02 21:21:56	NA	NA	NA	NA	NA	NA	NA	NA	
68060	92	NA	2018-08-02 21:22:44	2018-08-02 21:22:58	NA	NA	NA	NA	NA	NA	NA	NA	
68061	NA	92	2018-08-02 21:22:59	2018-08-02 21:25:07	10.97266667	11.42	280096.1786	NA	NA	425.4453166	RF05	Mendocino Complex Fire aged	
68062	92	NA	2018-08-02 21:25:08	2018-08-02 21:25:22	NA	NA	NA	NA	NA	NA	NA	NA	
68066	93	NA	2018-08-02 21:25:26	2018-08-02 21:25:40	NA	NA	NA	NA	NA	NA	NA	NA	
68067	NA	93	2018-08-02 21:25:41	2018-08-02 21:28:10	10.97266667	11.22	287498.0433	NA	NA	436.6881999	RF05	Mendocino Complex Fire aged	
68068	93.5	NA	2018-08-02 21:28:11	2018-08-02 21:28:17	NA	NA	NA	NA	NA	NA	NA	NA	
68069	NA	94	2018-08-02 21:28:18	2018-08-02 21:39:13	10.97266667	10.32	310095.9719	NA	NA	471.0127771	RF05	Mendocino Complex Fire aged	
68070	94.5	NA	2018-08-02 21:39:14	2018-08-02 21:39:22	NA	NA	NA	NA	NA	NA	NA	NA	
68071	NA	95	2018-08-02 21:39:23	2018-08-02 21:45:49	10.97266667	9.97	349168.9332	NA	NA	530.3617066	RF05	River of smoke/uncertain	
68072	NA	96	2018-08-02 21:45:50	2018-08-02 21:51:15	10.97266667	8.31	379975.6269	NA	NA	577.1547891	RF05	River of smoke/uncertain	
68073	96.5	NA	2018-08-02 21:51:16	2018-08-02 21:51:25	NA	NA	NA	NA	NA	NA	NA	NA	
68074	NA	97	2018-08-02 21:51:26	2018-08-02 22:00:00	10.97266667	6.83	420366.0472	NA	NA	638.5048411	RF05	River of smoke/uncertain	
68075	97	NA	2018-08-02 22:00:01	2018-08-02 22:00:15	NA	NA	NA	NA	NA	NA	NA	NA	
68222	98	NA	2018-08-02 22:02:42	2018-08-02 22:02:56	NA	NA	NA	NA	NA	NA	NA	NA	
68223	NA	98	2018-08-02 22:02:57	2018-08-02 22:25:12	10.97266667	7.23	517083.6202	NA	NA	785.4116595	RF05	River of smoke/uncertain	
68224	98.5	NA	2018-08-02 22:25:13	2018-08-02 22:25:22	NA	NA	NA	NA	NA	NA	NA	NA	
68225	NA	99	2018-08-02 22:25:23	2018-08-02 22:39:48	10.97266667	9.03	571012.61	NA	NA	867.3257944	RF05	River of smoke/uncertain	
68226	99	NA	2018-08-02 22:39:49	2018-08-02 22:40:03	NA	NA	NA	NA	NA	NA	NA	NA	
68383	100	NA	2018-08-02 22:42:40	2018-08-02 22:42:54	NA	NA	NA	NA	NA	NA	NA	NA	
68384	NA	100	2018-08-02 22:42:55	2018-08-02 22:55:44	10.97266667	11.11	557807.9169	NA	NA	847.2688452	RF05	River of smoke/uncertain	
68385	100	NA	2018-08-02 22:55:45	2018-08-02 22:55:59	NA	NA	NA	NA	NA	NA	NA	NA	
68425	101	NA	2018-08-02 22:56:39	2018-08-02 22:56:53	NA	NA	NA	NA	NA	NA	NA	NA	
68426	NA	101	2018-08-02 22:56:54	2018-08-02 23:04:30	10.97266667	6.71	556825.7811	NA	NA	845.7770537	RF05	River of smoke/uncertain	
68427	NA	102	2018-08-02 23:04:31	2018-08-02 23:28:43	10.97266667	6.75	564183.5904	NA	NA	856.9530202	RF05	River of smoke/uncertain	
68428	102	NA	2018-08-02 23:28:44	2018-08-02 23:28:58	NA	NA	NA	NA	NA	NA	NA	NA	
68516	103	NA	2018-08-02 23:30:26	2018-08-02 23:30:40	NA	NA	NA	NA	NA	NA	NA	NA	
68517	NA	103	2018-08-02 23:30:41	2018-08-02 23:38:45	10.97266667	7.62	558086.4842	NA	NA	847.6919682	RF05	River of smoke/uncertain	
68518	103	NA	2018-08-02 23:38:46	2018-08-02 23:39:00	NA	NA	NA	NA	NA	NA	NA	NA	
69129	104	NA	2018-08-02 23:49:11	2018-08-02 23:49:25	NA	NA	NA	NA	NA	NA	NA	NA	
69130	NA	104	2018-08-02 23:49:26	2018-08-02 23:56:40	10.97266667	16.58	675931.6941	NA	NA	1026.6901	RF05	River of smoke/uncertain	
69131	104	NA	2018-08-02 23:56:41	2018-08-02 23:56:42	NA	NA	NA	NA	NA	NA	NA	NA	
69132	104.5	NA	2018-08-02 23:56:43	2018-08-02 23:56:55	NA	NA	NA	NA	NA	NA	NA	NA	
69133	105	NA	2018-08-02 23:56:56	2018-08-02 23:56:57	NA	NA	NA	NA	NA	NA	NA	NA	
69134	NA	105	2018-08-02 23:56:58	2018-08-03 00:11:21	10.97266667	15.88	690469.6478	NA	NA	1048.772173	RF05	River of smoke/uncertain	
69135	105	NA	2018-08-03 00:11:22	2018-08-03 00:11:36	NA	NA	NA	NA	NA	NA	NA	NA	
69275	106	NA	2018-08-03 00:13:56	2018-08-03 00:14:10	NA	NA	NA	NA	NA	NA	NA	NA	
69276	NA	106	2018-08-03 00:14:11	2018-08-03 00:28:54	10.97266667	10.49	691587.2498	NA	NA	1050.469727	RF05	River of smoke/uncertain	
69277	106	NA	2018-08-03 00:28:55	2018-08-03 00:29:09	NA	NA	NA	NA	NA	NA	NA	NA	
69350	107	NA	2018-08-03 00:30:22	2018-08-03 00:30:36	NA	NA	NA	NA	NA	NA	NA	NA	
69351	NA	107	2018-08-03 00:30:37	2018-08-03 00:46:50	10.97266667	6.77	723333.3994	NA	NA	1098.689774	RF05	River of smoke/uncertain	
77214	108	NA	2018-08-03 22:12:20	2018-08-03 22:12:34	NA	NA	NA	NA	NA	NA	NA	NA	
77215	NA	108	2018-08-03 22:12:35	2018-08-03 22:18:15	3.566666667	4.56	61145.72082	82201.5	NA	285.7276674	RF06	Cougar Creek Fire	
77216	108	NA	2018-08-03 22:18:16	2018-08-03 22:18:30	NA	NA	NA	NA	NA	NA	NA	NA	
78076	109	NA	2018-08-03 22:32:50	2018-08-03 22:33:04	NA	NA	NA	NA	NA	NA	NA	NA	
78077	NA	109	2018-08-03 22:33:05	2018-08-03 22:38:13	3.566666667	3.79	42796.71752	50010.97	NA	199.9846613	RF06	Cougar Creek Fire	
78078	109	NA	2018-08-03 22:38:14	2018-08-03 22:38:28	NA	NA	NA	NA	NA	NA	NA	NA	
78096	110	NA	2018-08-03 22:38:46	2018-08-03 22:39:00	NA	NA	NA	NA	NA	NA	NA	NA	
78097	NA	110	2018-08-03 22:39:01	2018-08-03 22:45:04	3.566666667	2.35	48335.6863	44567.59	NA	225.867693	RF06	Cougar Creek Fire	
78098	110	NA	2018-08-03 22:45:05	2018-08-03 22:45:19	NA	NA	NA	NA	NA	NA	NA	NA	
86161	111	NA	2018-08-04 00:59:51	2018-08-04 01:00:05	NA	NA	NA	NA	NA	NA	NA	NA	
86162	NA	111	2018-08-04 01:00:06	2018-08-04 01:01:53	9.366	6.52	21831.56293	22339.18	NA	38.84896243	RF06	Kiwah Fire	
86304	NA	112	2018-08-04 01:04:15	2018-08-04 01:07:22	9.366	9.25	31248.95068	30162.81	NA	55.60707289	RF06	Kiwah Fire	
86305	112	NA	2018-08-04 01:07:23	2018-08-04 01:07:37	NA	NA	NA	NA	NA	NA	NA	NA	
86422	113	NA	2018-08-04 01:09:34	2018-08-04 01:09:48	NA	NA	NA	NA	NA	NA	NA	NA	
86423	NA	113	2018-08-04 01:09:49	2018-08-04 01:12:33	9.366	8.79	27519.98273	31611.91	NA	48.97142631	RF06	Kiwah Fire	
86550	NA	114	2018-08-04 01:14:43	2018-08-04 01:17:12	9.366	11.11	36769.45425	34636.9	NA	65.43073217	RF06	Kiwah Fire	
86551	114	NA	2018-08-04 01:17:13	2018-08-04 01:17:27	NA	NA	NA	NA	NA	NA	NA	NA	
86666	115	NA	2018-08-04 01:19:22	2018-08-04 01:19:36	NA	NA	NA	NA	NA	NA	NA	NA	
86667	NA	115	2018-08-04 01:19:37	2018-08-04 01:23:22	9.366	8.19	46259.69968	49432.81	NA	82.31849185	RF06	Kiwah Fire	
86739	NA	116	2018-08-04 01:24:34	2018-08-04 01:28:30	9.366	10.28	55453.90213	54176.31	NA	98.67944717	RF06	Kiwah Fire	
86740	116	NA	2018-08-04 01:28:31	2018-08-04 01:28:45	NA	NA	NA	NA	NA	NA	NA	NA	
86917	117	NA	2018-08-04 01:31:50	2018-08-04 01:32:19	NA	NA	NA	NA	NA	NA	NA	NA	
86918	NA	117	2018-08-04 01:32:20	2018-08-04 01:33:29	9.366	9.64	11407.50091	12738.37	1	20.29948912	RF06	Rabbit Foot Fire	Rabbit_Foot_Fire_a
86919	117	NA	2018-08-04 01:33:30	2018-08-04 01:34:00	NA	NA	NA	NA	NA	NA	NA	NA	
87381	NA	118	2018-08-04 01:41:02	2018-08-04 01:42:07	9.366	8.31	22887.38148	22337.8	NA	40.72777685	RF06	Rabbit Foot Fire	
87409	118.5	NA	2018-08-04 01:42:35	2018-08-04 01:42:49	NA	NA	NA	NA	NA	NA	NA	NA	
87451	NA	119	2018-08-04 01:43:33	2018-08-04 01:45:19	9.366	9.65	31747.75601	32420.76	NA	56.49469002	RF06	Rabbit Foot Fire	
88020	120	NA	2018-08-04 01:54:48	2018-08-04 01:54:54	NA	NA	NA	NA	NA	NA	NA	NA	
88021	NA	120	2018-08-04 01:54:55	2018-08-04 01:57:21	9.366	11.92	49674.4367	50244.91	NA	88.39496886	RF06	Kiwah Fire	
88022	120	NA	2018-08-04 01:57:22	2018-08-04 01:57:35	NA	NA	NA	NA	NA	NA	NA	NA	
91149	121	NA	2018-08-06 20:20:20	2018-08-06 20:20:34	NA	NA	NA	NA	NA	NA	NA	NA	
91150	NA	121	2018-08-06 20:20:35	2018-08-06 20:24:15	2.34	3.13	NA	NA	NA	87231.66046	RF07	uncertain	
91151	121	NA	2018-08-06 20:24:16	2018-08-06 20:24:30	NA	NA	NA	NA	NA	NA	NA	NA	
91840	122	NA	2018-08-06 20:36:02	2018-08-06 20:36:16	NA	NA	NA	NA	NA	NA	NA	NA	
91841	NA	122	2018-08-06 20:36:17	2018-08-06 20:42:10	2.34	0.83	NA	NA	NA	87666.75065	RF07	uncertain	
91842	122	NA	2018-08-06 20:42:11	2018-08-06 20:42:25	NA	NA	NA	NA	NA	NA	NA	NA	
91857	123	NA	2018-08-06 20:42:40	2018-08-06 20:42:54	NA	NA	NA	NA	NA	NA	NA	NA	
91858	NA	123	2018-08-06 20:42:55	2018-08-06 20:52:48	2.34	0.47	NA	NA	NA	88055.44794	RF07	uncertain	
91859	123	NA	2018-08-06 20:52:49	2018-08-06 20:53:03	NA	NA	NA	NA	NA	NA	NA	NA	
92096	124	NA	2018-08-06 20:56:59	2018-08-06 20:57:13	NA	NA	NA	NA	NA	NA	NA	NA	
92097	NA	124	2018-08-06 20:57:14	2018-08-06 20:59:42	2.34	0.68	NA	NA	NA	88424.00372	RF07	uncertain	
92098	124	NA	2018-08-06 20:59:43	2018-08-06 20:59:57	NA	NA	NA	NA	NA	NA	NA	NA	
92373	125	NA	2018-08-06 21:04:32	2018-08-06 21:04:46	NA	NA	NA	NA	NA	NA	NA	NA	
92374	NA	125	2018-08-06 21:04:47	2018-08-06 21:09:02	2.34	1.37	NA	NA	NA	88778.75132	RF07	uncertain	
92375	125	NA	2018-08-06 21:09:03	2018-08-06 21:09:17	NA	NA	NA	NA	NA	NA	NA	NA	
92452	126	NA	2018-08-06 21:10:34	2018-08-06 21:10:48	NA	NA	NA	NA	NA	NA	NA	NA	
92453	NA	126	2018-08-06 21:10:49	2018-08-06 21:13:32	2.34	1.56	NA	NA	NA	88996.19441	RF07	uncertain	
92454	126	NA	2018-08-06 21:13:33	2018-08-06 21:13:47	NA	NA	NA	NA	NA	NA	NA	NA	
92495	127	NA	2018-08-06 21:14:28	2018-08-06 21:14:42	NA	NA	NA	NA	NA	NA	NA	NA	
92496	NA	127	2018-08-06 21:14:43	2018-08-06 21:16:27	2.34	1.71	NA	NA	NA	89138.55334	RF07	uncertain	
92497	127	NA	2018-08-06 21:16:28	2018-08-06 21:16:42	NA	NA	NA	NA	NA	NA	NA	NA	
93022	128	NA	2018-08-06 21:25:27	2018-08-06 21:25:41	NA	NA	NA	NA	NA	NA	NA	NA	
93023	NA	128	2018-08-06 21:25:42	2018-08-06 21:29:05	2.34	4.2	NA	NA	NA	89629.04347	RF07	uncertain	
93024	128	NA	2018-08-06 21:29:06	2018-08-06 21:29:20	NA	NA	NA	NA	NA	NA	NA	NA	
93651	129	NA	2018-08-06 21:39:47	2018-08-06 21:40:01	NA	NA	NA	NA	NA	NA	NA	NA	
93652	NA	129	2018-08-06 21:40:02	2018-08-06 21:44:52	2.34	7.11	NA	NA	NA	89261.77856	RF07	uncertain	
93653	129	NA	2018-08-06 21:44:53	2018-08-06 21:45:07	NA	NA	NA	NA	NA	NA	NA	NA	
93997	130	NA	2018-08-06 21:50:51	2018-08-06 21:51:05	NA	NA	NA	NA	NA	NA	NA	NA	
93998	NA	130	2018-08-06 21:51:06	2018-08-06 21:53:18	6.093684211	3.98	46720.25891	45124.95	NA	127.7832843	RF07	Donnell Fire	
93999	130	NA	2018-08-06 21:53:19	2018-08-06 21:53:33	NA	NA	NA	NA	NA	NA	NA	NA	
94377	131	NA	2018-08-06 21:59:53	2018-08-06 22:00:07	NA	NA	NA	NA	NA	NA	NA	NA	
94378	NA	131	2018-08-06 22:00:08	2018-08-06 22:05:17	6.093684211	6.05	60689.78683	55631.91	NA	165.9909526	RF07	Donnell Fire	
94379	131	NA	2018-08-06 22:05:18	2018-08-06 22:05:32	NA	NA	NA	NA	NA	NA	NA	NA	
94681	132	NA	2018-08-06 22:10:34	2018-08-06 22:10:48	NA	NA	NA	NA	NA	NA	NA	NA	
94682	NA	132	2018-08-06 22:10:49	2018-08-06 22:16:14	6.093684211	3.9	69369.84094	78496.08	NA	189.7315279	RF07	Donnell Fire	
94683	132	NA	2018-08-06 22:16:15	2018-08-06 22:16:29	NA	NA	NA	NA	NA	NA	NA	NA	
94999	133	NA	2018-08-06 22:21:45	2018-08-06 22:21:59	NA	NA	NA	NA	NA	NA	NA	NA	
95000	NA	133	2018-08-06 22:22:00	2018-08-06 22:25:06	6.093684211	5.72	77689.26649	75338.49	NA	212.4857579	RF07	Donnell Fire	
95001	133	NA	2018-08-06 22:25:07	2018-08-06 22:25:21	NA	NA	NA	NA	NA	NA	NA	NA	
95621	134	NA	2018-08-06 22:38:26	2018-08-06 22:38:49	NA	NA	NA	NA	NA	NA	NA	NA	
95622	NA	134	2018-08-06 22:38:50	2018-08-06 22:40:29	6.093684211	6.05	49031.48259	58416.05	1	134.1046481	RF07	Donnell Fire	Donnell_Fire_b
95623	134	NA	2018-08-06 22:40:30	2018-08-06 22:40:45	NA	NA	NA	NA	NA	NA	NA	NA	
95762	135	NA	2018-08-06 22:42:53	2018-08-06 22:43:07	NA	NA	NA	NA	NA	NA	NA	NA	
95763	NA	135	2018-08-06 22:43:08	2018-08-06 22:44:32	6.093684211	4.75	57683.66458	52127.15	NA	157.768991	RF07	Donnell Fire	
95764	135	NA	2018-08-06 22:44:33	2018-08-06 22:44:47	NA	NA	NA	NA	NA	NA	NA	NA	
95875	136	NA	2018-08-06 22:46:38	2018-08-06 22:46:52	NA	NA	NA	NA	NA	NA	NA	NA	
95876	NA	136	2018-08-06 22:46:53	2018-08-06 22:52:35	6.093684211	6.55	71430.24388	65034.45	NA	195.3668788	RF07	Donnell Fire	
95877	136	NA	2018-08-06 22:52:36	2018-08-06 22:52:50	NA	NA	NA	NA	NA	NA	NA	NA	
96577	137	NA	2018-08-06 23:04:32	2018-08-06 23:04:46	NA	NA	NA	NA	NA	NA	NA	NA	
96578	NA	137	2018-08-06 23:04:47	2018-08-06 23:08:49	6.093684211	3.94	65259.21132	79901.71	NA	178.4886588	RF07	Ferguson Fire	
96579	137	NA	2018-08-06 23:08:50	2018-08-06 23:09:04	NA	NA	NA	NA	NA	NA	NA	NA	
97773	138	NA	2018-08-06 23:29:01	2018-08-06 23:29:15	NA	NA	NA	NA	NA	NA	NA	NA	
97774	NA	138	2018-08-06 23:29:16	2018-08-06 23:54:40	6.093684211	4.81	NA	NA	NA	34598.38412	RF07	uncertain	
97775	138	NA	2018-08-06 23:54:41	2018-08-06 23:54:55	NA	NA	NA	NA	NA	NA	NA	NA	
98753	139	NA	2018-08-07 00:11:15	2018-08-07 00:11:29	NA	NA	NA	NA	NA	NA	NA	NA	
98754	NA	139	2018-08-07 00:11:30	2018-08-07 00:16:57	6.093684211	5.95	62162.93051	47377.57	NA	170.020107	RF07	Ferguson Fire	
98755	139	NA	2018-08-07 00:16:58	2018-08-07 00:17:12	NA	NA	NA	NA	NA	NA	NA	NA	
98861	140	NA	2018-08-07 00:18:40	2018-08-07 00:19:09	NA	NA	NA	NA	NA	NA	NA	NA	
98862	NA	140	2018-08-07 00:19:10	2018-08-07 00:22:54	6.093684211	8.25	NA	35677.14	1	66.27619	RF07	Donnell Fire	Donnell_Fire_c
98863	140.5	NA	2018-08-07 00:22:55	2018-08-07 00:23:09	NA	NA	NA	NA	NA	NA	NA	NA	
98865	NA	141	2018-08-07 00:23:10	2018-08-07 00:24:20	6.093684211	9.34	44417.86419	44526.02	1	121.4860684	RF07	Donnell Fire	Donnell_Fire_c
98866	141	NA	2018-08-07 00:24:25	2018-08-07 00:24:55	NA	NA	NA	NA	NA	NA	NA	NA	
99002	142	NA	2018-08-07 00:26:58	2018-08-07 00:27:12	NA	NA	NA	NA	NA	NA	NA	NA	
99003	NA	142	2018-08-07 00:27:13	2018-08-07 00:29:28	6.093684211	6.44	66262.49291	56805.05	NA	181.2327065	RF07	Donnell Fire	
99004	142	NA	2018-08-07 00:29:29	2018-08-07 00:29:36	NA	NA	NA	NA	NA	NA	NA	NA	
99005	142.5	NA	2018-08-07 00:29:37	2018-08-07 00:29:43	NA	NA	NA	NA	NA	NA	NA	NA	
99006	143	NA	2018-08-07 00:29:44	2018-08-07 00:29:51	NA	NA	NA	NA	NA	NA	NA	NA	
99007	NA	143	2018-08-07 00:29:52	2018-08-07 00:32:30	6.093684211	5.75	89049.062	78841.68	NA	243.5556196	RF07	Donnell Fire	
99008	NA	144	2018-08-07 00:32:31	2018-08-07 00:39:43	6.093684211	6.74	101236.0667	95905.63	NA	276.8879582	RF07	Donnell Fire	
99009	144.5	NA	2018-08-07 00:39:44	2018-08-07 00:39:58	NA	NA	NA	NA	NA	NA	NA	NA	
99010	NA	145	2018-08-07 00:39:59	2018-08-07 00:43:35	6.093684211	4.15	108157.7435	115725.41	NA	295.8192442	RF07	Donnell Fire	
99011	145.5	NA	2018-08-07 00:43:36	2018-08-07 00:43:48	NA	NA	NA	NA	NA	NA	NA	NA	
99012	NA	146	2018-08-07 00:43:49	2018-08-07 00:50:26	6.093684211	6.82	68938.74923	94011.64	NA	188.5524609	RF07	Donnell Fire	
99013	NA	147	2018-08-07 00:50:27	2018-08-07 00:53:27	6.093684211	9.63	51574.23216	44851.43	NA	141.0592519	RF07	Donnell Fire	
99014	147	NA	2018-08-07 00:53:28	2018-08-07 00:53:42	NA	NA	NA	NA	NA	NA	NA	NA	
99023	148	NA	2018-08-07 00:53:51	2018-08-07 00:54:05	NA	NA	NA	NA	NA	NA	NA	NA	
99024	NA	148	2018-08-07 00:54:06	2018-08-07 01:01:06	6.093684211	6.96	NA	NA	NA	34211.5627	RF07	uncertain	
99025	148	NA	2018-08-07 01:01:07	2018-08-07 01:01:21	NA	NA	NA	NA	NA	NA	NA	NA	
129673	149	NA	2018-08-09 20:03:47	2018-08-09 20:04:01	NA	NA	NA	NA	NA	NA	NA	NA	
129674	NA	149	2018-08-09 20:04:02	2018-08-09 20:06:16	2.6525	3.68	NA	NA	NA	74655.23973	RF09	uncertain	
129675	149	NA	2018-08-09 20:06:17	2018-08-09 20:06:31	NA	NA	NA	NA	NA	NA	NA	NA	
129731	150	NA	2018-08-09 20:07:27	2018-08-09 20:07:41	NA	NA	NA	NA	NA	NA	NA	NA	
129732	NA	150	2018-08-09 20:07:42	2018-08-09 20:17:18	2.6525	3.35	NA	NA	NA	74353.60826	RF09	uncertain	
129733	150	NA	2018-08-09 20:17:19	2018-08-09 20:17:33	NA	NA	NA	NA	NA	NA	NA	NA	
130221	151	NA	2018-08-09 20:25:43	2018-08-09 20:25:57	NA	NA	NA	NA	NA	NA	NA	NA	
130222	NA	151	2018-08-09 20:25:58	2018-08-09 20:29:23	2.6525	2.38	25261.14678	22718.54	NA	158.7253961	RF09	Dollar Ridge Fire	
130223	151.5	NA	2018-08-09 20:29:24	2018-08-09 20:29:31	NA	NA	NA	NA	NA	NA	NA	NA	
130224	NA	152	2018-08-09 20:29:32	2018-08-09 20:33:04	2.6525	1.65	30811.68604	32374.6	NA	193.601546	RF09	Coal Hollow Fire	
130225	152	NA	2018-08-09 20:33:05	2018-08-09 20:33:17	NA	NA	NA	NA	NA	NA	NA	NA	
130226	152.5	NA	2018-08-09 20:33:18	2018-08-09 20:33:19	NA	NA	NA	NA	NA	NA	NA	NA	
130227	153	NA	2018-08-09 20:33:20	2018-08-09 20:33:32	NA	NA	NA	NA	NA	NA	NA	NA	
130228	NA	153	2018-08-09 20:33:33	2018-08-09 20:41:21	2.6525	3.42	33607.48009	38442.85	NA	211.1685837	RF09	Coal Hollow Fire	
130229	153	NA	2018-08-09 20:41:22	2018-08-09 20:41:36	NA	NA	NA	NA	NA	NA	NA	NA	
130306	154	NA	2018-08-09 20:42:53	2018-08-09 20:43:07	NA	NA	NA	NA	NA	NA	NA	NA	
130307	NA	154	2018-08-09 20:43:08	2018-08-09 20:50:57	2.6525	2.12	33455.72777	51370.91	NA	210.2150661	RF09	Coal Hollow Fire	
130308	154	NA	2018-08-09 20:50:58	2018-08-09 20:51:12	NA	NA	NA	NA	NA	NA	NA	NA	
130465	155	NA	2018-08-09 20:53:49	2018-08-09 20:54:03	NA	NA	NA	NA	NA	NA	NA	NA	
130466	NA	155	2018-08-09 20:54:04	2018-08-09 20:57:57	2.6525	1.22	NA	NA	NA	74045.78429	RF09	uncertain	
130467	155	NA	2018-08-09 20:57:58	2018-08-09 20:58:12	NA	NA	NA	NA	NA	NA	NA	NA	
131882	156	NA	2018-08-09 21:21:45	2018-08-09 21:22:14	NA	NA	NA	NA	NA	NA	NA	NA	
131894	NA	156	2018-08-09 21:22:15	2018-08-09 21:23:59	7.680526316	6.2	11322.57119	12250.3	1	24.56986828	RF09	Bear Trap Fire	Bear_Trap_Fire_a
131885	156	NA	2018-08-09 21:24:00	2018-08-09 21:24:30	NA	NA	NA	NA	NA	NA	NA	NA	
132044	157	NA	2018-08-09 21:26:07	2018-08-09 21:26:21	NA	NA	NA	NA	NA	NA	NA	NA	
132045	NA	157	2018-08-09 21:26:22	2018-08-09 21:28:00	7.680526316	5.31	21723.56829	21196.64	NA	47.13992983	RF09	Bear Trap Fire	
132172	157	NA	2018-08-09 21:30:07	2018-08-09 21:30:21	NA	NA	NA	NA	NA	NA	NA	NA	
132195	157	NA	2018-08-09 21:30:44	2018-08-09 21:30:58	NA	NA	NA	NA	NA	NA	NA	NA	
132248	158	NA	2018-08-09 21:31:51	2018-08-09 21:32:05	NA	NA	NA	NA	NA	NA	NA	NA	
132335	NA	158	2018-08-09 21:33:32	2018-08-09 21:36:32	7.680526316	9.26	30853.72937	34591.51	NA	66.95228969	RF09	Bear Trap Fire	
132391	158	NA	2018-08-09 21:37:28	2018-08-09 21:37:42	NA	NA	NA	NA	NA	NA	NA	NA	
132400	158	NA	2018-08-09 21:37:51	2018-08-09 21:38:05	NA	NA	NA	NA	NA	NA	NA	NA	
132524	159	NA	2018-08-09 21:40:09	2018-08-09 21:40:23	NA	NA	NA	NA	NA	NA	NA	NA	
132644	NA	159	2018-08-09 21:42:23	2018-08-09 21:45:02	7.680526316	5.86	41272.49504	41077.8	NA	89.56090885	RF09	Bear Trap Fire	
132704	159	NA	2018-08-09 21:46:02	2018-08-09 21:46:16	NA	NA	NA	NA	NA	NA	NA	NA	
132712	159	NA	2018-08-09 21:46:24	2018-08-09 21:46:38	NA	NA	NA	NA	NA	NA	NA	NA	
132920	160	NA	2018-08-09 21:50:06	2018-08-09 21:50:20	NA	NA	NA	NA	NA	NA	NA	NA	
133007	NA	160	2018-08-09 21:51:49	2018-08-09 21:54:43	7.680526316	7.89	52391.49227	60277.69	NA	113.6890236	RF09	Bear Trap Fire	
133008	160	NA	2018-08-09 21:54:44	2018-08-09 21:54:58	NA	NA	NA	NA	NA	NA	NA	NA	
133071	160	NA	2018-08-09 21:56:01	2018-08-09 21:56:15	NA	NA	NA	NA	NA	NA	NA	NA	
133185	161	NA	2018-08-09 21:58:09	2018-08-09 21:58:23	NA	NA	NA	NA	NA	NA	NA	NA	
133227	NA	161	2018-08-09 21:59:05	2018-08-09 22:01:35	7.680526316	6.34	62506.36864	60665.93	NA	135.638206	RF09	Bear Trap Fire	
133316	161	NA	2018-08-09 22:03:04	2018-08-09 22:03:18	NA	NA	NA	NA	NA	NA	NA	NA	
133564	162	NA	2018-08-09 22:07:26	2018-08-09 22:07:40	NA	NA	NA	NA	NA	NA	NA	NA	
133565	NA	162	2018-08-09 22:07:41	2018-08-09 22:09:38	7.680526316	8.06	72809.13104	77949.74	NA	157.9950992	RF09	Bear Trap Fire	
133566	162	NA	2018-08-09 22:09:39	2018-08-09 22:09:53	NA	NA	NA	NA	NA	NA	NA	NA	
134097	163	NA	2018-08-09 22:18:44	2018-08-09 22:18:58	NA	NA	NA	NA	NA	NA	NA	NA	
134098	NA	163	2018-08-09 22:18:59	2018-08-09 22:20:39	7.680526316	5.14	82374.87094	81167.15	NA	178.7526609	RF09	Bear Trap Fire	
134357	164	NA	2018-08-09 22:24:57	2018-08-09 22:25:11	NA	NA	NA	NA	NA	NA	NA	NA	
134447	NA	164	2018-08-09 22:26:41	2018-08-09 22:28:33	7.680526316	7.84	93359.55366	99496.26	NA	202.5893145	RF09	Bear Trap Fire	
135094	165	NA	2018-08-09 22:39:20	2018-08-09 22:39:34	NA	NA	NA	NA	NA	NA	NA	NA	
135095	NA	165	2018-08-09 22:39:35	2018-08-09 22:41:09	7.680526316	7.41	103520.0195	101159.26	NA	224.6374255	RF09	Bear Trap Fire	
135096	165	NA	2018-08-09 22:41:10	2018-08-09 22:41:24	NA	NA	NA	NA	NA	NA	NA	NA	
135226	165.5	NA	2018-08-09 22:43:34	2018-08-09 22:43:43	NA	NA	NA	NA	NA	NA	NA	NA	
135227	NA	166	2018-08-09 22:43:44	2018-08-09 22:53:09	7.680526316	9.26	56889.93697	92021.53	NA	123.4506044	RF09	Bear Trap Fire	
135228	166	NA	2018-08-09 23:00:00	2018-08-09 23:00:39	NA	NA	NA	NA	NA	NA	NA	NA	
135663	NA	167	2018-08-09 23:00:40	2018-08-09 23:05:24	7.680526316	6.68	29690.15161	24926.05	1	64.42733738	RF09	Bear Trap Fire	Bear_Trap_Fire_b
135714	167	NA	2018-08-09 23:05:25	2018-08-09 23:05:55	NA	NA	NA	NA	NA	NA	NA	NA	
135859	168	NA	2018-08-09 23:08:30	2018-08-09 23:08:44	NA	NA	NA	NA	NA	NA	NA	NA	
135880	NA	168	2018-08-09 23:09:05	2018-08-09 23:12:22	7.680526316	10.44	49229.65711	56998.69	NA	106.8278724	RF09	Bear Trap Fire	
135917	168	NA	2018-08-09 23:12:59	2018-08-09 23:13:13	NA	NA	NA	NA	NA	NA	NA	NA	
136239	169	NA	2018-08-09 23:18:35	2018-08-09 23:18:49	NA	NA	NA	NA	NA	NA	NA	NA	
136260	NA	169	2018-08-09 23:19:10	2018-08-09 23:22:39	7.680526316	7.83	71409.03941	66577.41	NA	154.9569141	RF09	Bear Trap Fire	
136282	169	NA	2018-08-09 23:23:01	2018-08-09 23:23:15	NA	NA	NA	NA	NA	NA	NA	NA	
136550	170	NA	2018-08-09 23:27:43	2018-08-09 23:27:57	NA	NA	NA	NA	NA	NA	NA	NA	
136593	NA	170	2018-08-09 23:28:40	2018-08-09 23:30:36	7.680526316	8.69	91015.58262	97661.53	NA	197.5029203	RF09	Bear Trap Fire	
136594	170	NA	2018-08-09 23:30:37	2018-08-09 23:30:51	NA	NA	NA	NA	NA	NA	NA	NA	
136940	NA	171	2018-08-09 23:36:37	2018-08-09 23:38:13	7.680526316	6.89	110835.1682	107796.17	NA	240.5112263	RF09	Bear Trap Fire	
136955	171	NA	2018-08-09 23:38:28	2018-08-09 23:38:42	NA	NA	NA	NA	NA	NA	NA	NA	
136995	172	NA	2018-08-09 23:39:22	2018-08-09 23:39:35	NA	NA	NA	NA	NA	NA	NA	NA	
136996	NA	172	2018-08-09 23:39:36	2018-08-09 23:44:01	7.680526316	8.65	121433.6577	117799.81	NA	263.5098444	RF09	Bear Trap Fire	
137030	NA	173	2018-08-09 23:44:35	2018-08-09 23:49:59	7.680526316	7.59	127757.3002	119730.75	NA	277.2320866	RF09	Bear Trap Fire	
137031	173.5	NA	2018-08-09 23:50:00	2018-08-09 23:50:03	NA	NA	NA	NA	NA	NA	NA	NA	
137032	NA	174	2018-08-09 23:50:04	2018-08-09 23:54:50	7.680526316	10.59	113187.6812	128879.58	NA	245.6161564	RF09	Bear Trap Fire	
137033	174	NA	2018-08-09 23:54:51	2018-08-09 23:55:05	NA	NA	NA	NA	NA	NA	NA	NA	
137823	175	NA	2018-08-10 00:08:15	2018-08-10 00:08:29	NA	NA	NA	NA	NA	NA	NA	NA	
137824	NA	175	2018-08-10 00:08:30	2018-08-10 00:12:49	2.6525	4.57	NA	NA	NA	73952.38906	RF09	uncertain	
137825	175	NA	2018-08-10 00:12:50	2018-08-10 00:13:04	NA	NA	NA	NA	NA	NA	NA	NA	
137875	176	NA	2018-08-10 00:15:50	2018-08-10 00:16:19	NA	NA	NA	NA	NA	NA	NA	NA	
137876	NA	176	2018-08-10 00:16:20	2018-08-10 00:17:59	2.6525	2.86	44569.25937	58235.39	1	280.0456134	RF09	Dollar Ridge Fire	Dollar_Ridge_Fire_b
137877	176	NA	2018-08-10 00:18:00	2018-08-10 00:18:30	NA	NA	NA	NA	NA	NA	NA	NA	
137879	178	NA	2018-08-10 00:19:41	2018-08-10 00:19:54	NA	NA	NA	NA	NA	NA	NA	NA	
137880	NA	178	2018-08-10 00:19:55	2018-08-10 00:25:37	2.6525	2.59	31574.79446	40560.46	NA	198.3964465	RF09	Coal Hollow Fire	
137881	178	NA	2018-08-10 00:25:38	2018-08-10 00:25:52	NA	NA	NA	NA	NA	NA	NA	NA	
137932	179	NA	2018-08-10 00:26:43	2018-08-10 00:26:57	NA	NA	NA	NA	NA	NA	NA	NA	
137933	NA	179	2018-08-10 00:26:58	2018-08-10 00:31:04	2.6525	2.41	37565.07996	35950.32	NA	236.0356894	RF09	Coal Hollow Fire	
137934	179	NA	2018-08-10 00:31:05	2018-08-10 00:31:19	NA	NA	NA	NA	NA	NA	NA	NA	
153873	180	NA	2018-08-13 21:42:45	2018-08-13 21:43:14	NA	NA	NA	NA	NA	NA	NA	NA	
153874	NA	180	2018-08-13 21:43:15	2018-08-13 21:45:20	10.83	11.3	25635.41395	21262.87	1	39.45123723	RF10	Rabbit Foot Fire	Rabbit_Foot_Fire_b
153875	180	NA	2018-08-13 21:45:30	2018-08-13 21:46:00	NA	NA	NA	NA	NA	NA	NA	NA	
154062	181	NA	2018-08-13 21:49:30	2018-08-13 21:49:44	NA	NA	NA	NA	NA	NA	NA	NA	
154063	NA	181	2018-08-13 21:49:45	2018-08-13 21:53:33	10.83	10.5	37899.51495	44511.98	NA	58.3248922	RF10	Rabbit Foot Fire	
154064	181	NA	2018-08-13 21:53:34	2018-08-13 21:53:48	NA	NA	NA	NA	NA	NA	NA	NA	
154394	182	NA	2018-08-13 21:59:21	2018-08-13 21:59:35	NA	NA	NA	NA	NA	NA	NA	NA	
154395	NA	182	2018-08-13 21:59:36	2018-08-13 22:04:46	10.83	13.71	51197.4116	46938.78	NA	78.78949153	RF10	Rabbit Foot Fire	
154396	182	NA	2018-08-13 22:04:47	2018-08-13 22:05:01	NA	NA	NA	NA	NA	NA	NA	NA	
154510	183	NA	2018-08-13 22:06:00	2018-08-13 22:06:30	NA	NA	NA	NA	NA	NA	NA	NA	
154511	NA	183	2018-08-13 22:08:03	2018-08-13 22:11:00	10.83	11.61	11856.32283	14046.55	1	18.24611085	RF10	Goldstone Fire	Goldstone_Fire_a
154512	183	NA	2018-08-13 22:12:05	2018-08-13 22:12:35	NA	NA	NA	NA	NA	NA	NA	NA	
154906	184	NA	2018-08-13 22:18:02	2018-08-13 22:18:16	NA	NA	NA	NA	NA	NA	NA	NA	
154907	NA	184	2018-08-13 22:18:17	2018-08-13 22:22:43	10.83	11.85	38343.44101	40321.37	NA	59.00806558	RF10	Goldstone Fire	
154908	184	NA	2018-08-13 22:22:44	2018-08-13 22:22:58	NA	NA	NA	NA	NA	NA	NA	NA	
155574	185	NA	2018-08-13 22:34:06	2018-08-13 22:34:20	NA	NA	NA	NA	NA	NA	NA	NA	
155575	NA	185	2018-08-13 22:34:21	2018-08-13 22:36:28	10.83	12.76	89182.6633	88745.07	NA	137.246327	RF10	Goldstone Fire	
155586	185	NA	2018-08-13 22:36:39	2018-08-13 22:36:53	NA	NA	NA	NA	NA	NA	NA	NA	
155847	186	NA	2018-08-13 22:41:14	2018-08-13 22:41:27	NA	NA	NA	NA	NA	NA	NA	NA	
156051	NA	186	2018-08-13 22:44:51	2018-08-13 22:47:02	10.83	15.11	136253.7429	135129.92	NA	209.6856617	RF10	Goldstone Fire	
156102	186	NA	2018-08-13 22:47:53	2018-08-13 22:48:07	NA	NA	NA	NA	NA	NA	NA	NA	
156137	187	NA	2018-08-13 22:48:30	2018-08-13 22:48:59	NA	NA	NA	NA	NA	NA	NA	NA	
156138	NA	187	2018-08-13 22:49:00	2018-08-13 22:50:14	10.83	12.61	14341.95787	15123.45	1	22.07134175	RF10	Wigwam Fire	Wigwam_Fire_a
156139	187	NA	2018-08-13 22:50:15	2018-08-13 22:50:35	NA	NA	NA	NA	NA	NA	NA	NA	
156151	188	NA	2018-08-13 22:50:40	2018-08-13 22:51:09	NA	NA	NA	NA	NA	NA	NA	NA	
156186	NA	188	2018-08-13 22:51:10	2018-08-13 22:52:49	10.83	9.11	15011.32441	16437.34	1	23.10145338	RF10	Monument Fire	Monument_Fire_a
156200	188	NA	2018-08-13 22:52:50	2018-08-13 22:53:20	NA	NA	NA	NA	NA	NA	NA	NA	
156487	188.5	NA	2018-08-13 22:57:46	2018-08-13 22:57:59	NA	NA	NA	NA	NA	NA	NA	NA	
156539	NA	189	2018-08-13 22:58:51	2018-08-13 23:00:09	10.83	8.27	41981.80782	41874.8	NA	64.60727581	RF10	Monument Fire	
156540	188.5	NA	2018-08-13 23:00:10	2018-08-13 23:00:18	NA	NA	NA	NA	NA	NA	NA	NA	
156557	190	NA	2018-08-13 23:00:35	2018-08-13 23:00:48	NA	NA	NA	NA	NA	NA	NA	NA	
156558	NA	190	2018-08-13 23:00:49	2018-08-13 23:01:34	10.83	13.25	46112.26326	44491.22	NA	70.96377848	RF10	Wigwam Fire	
156559	190	NA	2018-08-13 23:01:35	2018-08-13 23:01:49	NA	NA	NA	NA	NA	NA	NA	NA	
157601	191	NA	2018-08-13 23:19:11	2018-08-13 23:19:25	NA	NA	NA	NA	NA	NA	NA	NA	
157697	NA	191	2018-08-13 23:21:01	2018-08-13 23:22:33	10.83	15.63	104711.4344	105339.77	NA	161.1440973	RF10	Goldstone Fire	
158072	191	NA	2018-08-13 23:28:50	2018-08-13 23:29:04	NA	NA	NA	NA	NA	NA	NA	NA	
164905	192	NA	2018-08-15 20:42:50	2018-08-15 20:43:10	NA	NA	NA	NA	NA	NA	NA	NA	
164906	NA	192	2018-08-15 20:44:20	2018-08-15 20:46:10	8.205	9.43	26363.25009	35361.39	1	53.55118849	RF11	Rabbit Foot Fire	Rabbit_Foot_Fire_c
164907	192	NA	2018-08-15 20:46:20	2018-08-15 20:46:50	NA	NA	NA	NA	NA	NA	NA	NA	
165293	193	NA	2018-08-15 20:53:20	2018-08-15 20:53:49	NA	NA	NA	NA	NA	NA	NA	NA	
165294	NA	193	2018-08-15 20:53:50	2018-08-15 20:59:24	8.205	7.94	24702.01896	37776.64	1	50.17676002	RF11	Rabbit Foot Fire	Rabbit_Foot_Fire_c
165295	193	NA	2018-08-15 20:59:25	2018-08-15 20:59:56	NA	NA	NA	NA	NA	NA	NA	NA	
165729	194	NA	2018-08-15 21:05:50	2018-08-15 21:06:19	NA	NA	NA	NA	NA	NA	NA	NA	
165730	NA	194	2018-08-15 21:06:20	2018-08-15 21:09:54	8.205	8.38	29812.75884	29687.5	1	60.55811262	RF11	Rabbit Foot Fire	Rabbit_Foot_Fire_c
165731	194	NA	2018-08-15 21:09:55	2018-08-15 21:10:25	NA	NA	NA	NA	NA	NA	NA	NA	
166723	195	NA	2018-08-15 21:27:25	2018-08-15 21:27:54	NA	NA	NA	NA	NA	NA	NA	NA	
166724	NA	195	2018-08-15 21:27:55	2018-08-15 21:32:24	8.205	8.82	25660.71432	27213.79	1	52.1241404	RF11	Rabbit Foot Fire	Rabbit_Foot_Fire_c
166725	195	NA	2018-08-15 21:32:25	2018-08-15 21:32:55	NA	NA	NA	NA	NA	NA	NA	NA	
166955	196	NA	2018-08-15 21:36:45	2018-08-15 21:37:15	NA	NA	NA	NA	NA	NA	NA	NA	
166956	NA	196	2018-08-15 21:37:50	2018-08-15 21:42:59	8.205	6.37	27664.43268	37827.37	1	56.19425691	RF11	Rabbit Foot Fire	Rabbit_Foot_Fire_c
166957	196	NA	2018-08-15 21:43:00	2018-08-15 21:43:30	NA	NA	NA	NA	NA	NA	NA	NA	
167669	197	NA	2018-08-15 21:54:35	2018-08-15 21:55:04	NA	NA	NA	NA	NA	NA	NA	NA	
167670	NA	197	2018-08-15 21:55:05	2018-08-15 21:56:25	8.205	8.29	27429.39637	28642.72	1	55.71683195	RF11	Beaver Creek Fire	Beaver_Creek_Fire_a
167671	197	NA	2018-08-15 21:59:30	2018-08-15 22:00:00	NA	NA	NA	NA	NA	NA	NA	NA	
169460	198	NA	2018-08-15 22:26:05	2018-08-15 22:26:34	NA	NA	NA	NA	NA	NA	NA	NA	
169461	NA	198	2018-08-15 22:26:35	2018-08-15 22:29:09	3.556666667	4.38	21004.63038	23542.8	NA	98.42844603	RF11	Shellrock Fire	
169462	198	NA	2018-08-15 22:29:10	2018-08-15 22:29:40	NA	NA	NA	NA	NA	NA	NA	NA	
169727	199	NA	2018-08-15 22:34:00	2018-08-15 22:34:14	NA	NA	NA	NA	NA	NA	NA	NA	
169728	NA	199	2018-08-15 22:34:15	2018-08-15 22:37:57	3.556666667	3.29	60022.97072	52642.05	NA	281.2697784	RF11	Shellrock Fire	
169729	199	NA	2018-08-15 22:37:58	2018-08-15 22:38:12	NA	NA	NA	NA	NA	NA	NA	NA	
170509	200	NA	2018-08-15 22:51:14	2018-08-15 22:51:28	NA	NA	NA	NA	NA	NA	NA	NA	
170510	NA	200	2018-08-15 22:51:29	2018-08-15 22:57:03	3.556666667	2.12	72063.87604	64725.31	NA	337.6938896	RF11	Shellrock Fire	
170511	200	NA	2018-08-15 22:57:04	2018-08-15 22:57:18	NA	NA	NA	NA	NA	NA	NA	NA	
171367	201	NA	2018-08-15 23:11:34	2018-08-15 23:11:48	NA	NA	NA	NA	NA	NA	NA	NA	
171368	NA	201	2018-08-15 23:11:49	2018-08-15 23:20:02	3.556666667	3.54	112527.6301	122260.96	NA	527.3084821	RF11	Shellrock Fire	
171369	201	NA	2018-08-15 23:20:03	2018-08-15 23:20:17	NA	NA	NA	NA	NA	NA	NA	NA	
173007	202	NA	2018-08-15 23:47:38	2018-08-15 23:47:52	NA	NA	NA	NA	NA	NA	NA	NA	
173008	NA	202	2018-08-15 23:47:53	2018-08-15 23:51:40	3.556666667	2.9	77051.53704	90217.53	NA	361.0662467	RF11	Shellrock Fire	
173009	202	NA	2018-08-15 23:51:41	2018-08-15 23:51:55	NA	NA	NA	NA	NA	NA	NA	NA	
173293	203	NA	2018-08-15 23:56:39	2018-08-15 23:56:53	NA	NA	NA	NA	NA	NA	NA	NA	
173294	NA	203	2018-08-15 23:56:54	2018-08-16 00:00:10	3.556666667	5.11	33491.61461	35839.58	NA	156.9428988	RF11	Shellrock Fire	
173295	203	NA	2018-08-16 00:00:11	2018-08-16 00:00:25	NA	NA	NA	NA	NA	NA	NA	NA	
175016	204	NA	2018-08-16 00:28:50	2018-08-16 00:29:19	NA	NA	NA	NA	NA	NA	NA	NA	
175017	NA	204	2018-08-16 00:29:20	2018-08-16 00:31:24	6.595	8.35	57594.07799	64034.22	1	145.5498559	RF11	Beaver Creek Fire	Beaver_Creek_Fire_b
175086	204	NA	2018-08-16 00:31:25	2018-08-16 00:31:55	NA	NA	NA	NA	NA	NA	NA	NA	
175267	205	NA	2018-08-16 00:35:28	2018-08-16 00:35:42	NA	NA	NA	NA	NA	NA	NA	NA	
175284	NA	205	2018-08-16 00:35:59	2018-08-16 00:37:44	6.595	7.11	81841.83122	73392.93	NA	206.8279788	RF11	Beaver Creek Fire	
175357	205	NA	2018-08-16 00:38:57	2018-08-16 00:39:04	NA	NA	NA	NA	NA	NA	NA	NA	
175358	205.5	NA	2018-08-16 00:39:05	2018-08-16 00:39:11	NA	NA	NA	NA	NA	NA	NA	NA	
175359	206	NA	2018-08-16 00:39:12	2018-08-16 00:39:19	NA	NA	NA	NA	NA	NA	NA	NA	
175384	NA	206	2018-08-16 00:39:44	2018-08-16 00:41:08	6.595	6.81	105307.0906	101985.94	NA	266.1286091	RF11	Beaver Creek Fire	
175828	207	NA	2018-08-16 00:48:30	2018-08-16 00:48:59	NA	NA	NA	NA	NA	NA	NA	NA	
175829	NA	207	2018-08-16 00:49:00	2018-08-16 00:50:10	6.595	6.19	52883.24551	52245.88	1	133.6447953	RF11	Goldstone Fire	Goldstone_Fire_b
175830	207	NA	2018-08-16 00:50:11	2018-08-16 00:50:32	NA	NA	NA	NA	NA	NA	NA	NA	
177074	208	NA	2018-08-16 01:13:24	2018-08-16 01:13:38	NA	NA	NA	NA	NA	NA	NA	NA	
177075	NA	208	2018-08-16 01:13:39	2018-08-16 01:17:31	6.595	5.61	59257.77864	69416.67	NA	149.7543054	RF11	Goldstone Fire	
177076	208	NA	2018-08-16 01:17:32	2018-08-16 01:17:46	NA	NA	NA	NA	NA	NA	NA	NA	
177168	209	NA	2018-08-16 01:19:18	2018-08-16 01:19:32	NA	NA	NA	NA	NA	NA	NA	NA	
177169	NA	209	2018-08-16 01:19:33	2018-08-16 01:23:40	6.595	5.5	68064.42142	80645.89	NA	172.0101628	RF11	Rabbit Foot Fire	
177170	209	NA	2018-08-16 01:23:41	2018-08-16 01:23:55	NA	NA	NA	NA	NA	NA	NA	NA	
200417	210	NA	2018-08-20 19:15:22	2018-08-20 19:15:36	NA	NA	NA	NA	NA	NA	NA	NA	
200418	NA	210	2018-08-20 19:15:37	2018-08-20 19:30:30	6.876111111	11.8	NA	NA	NA	29552.78018	RF13	uncertain	
200419	210	NA	2018-08-20 19:30:31	2018-08-20 19:30:45	NA	NA	NA	NA	NA	NA	NA	NA	
200428	211	NA	2018-08-20 19:30:54	2018-08-20 19:31:08	NA	NA	NA	NA	NA	NA	NA	NA	
200429	NA	211	2018-08-20 19:31:09	2018-08-20 19:37:39	6.876111111	12.23	NA	NA	NA	29717.08601	RF13	uncertain	
200430	211	NA	2018-08-20 19:37:40	2018-08-20 19:37:50	NA	NA	NA	NA	NA	NA	NA	NA	
200431	211.5	NA	2018-08-20 19:37:51	2018-08-20 19:37:54	NA	NA	NA	NA	NA	NA	NA	NA	
200432	212	NA	2018-08-20 19:37:55	2018-08-20 19:38:05	NA	NA	NA	NA	NA	NA	NA	NA	
200433	NA	212	2018-08-20 19:38:06	2018-08-20 19:44:33	6.876111111	7.68	NA	NA	NA	29773.89259	RF13	uncertain	
200434	212	NA	2018-08-20 19:44:34	2018-08-20 19:44:48	NA	NA	NA	NA	NA	NA	NA	NA	
200809	213	NA	2018-08-20 19:51:03	2018-08-20 19:51:17	NA	NA	NA	NA	NA	NA	NA	NA	
200810	NA	213	2018-08-20 19:51:18	2018-08-20 19:59:57	6.876111111	10.29	NA	NA	NA	29752.98221	RF13	North CA aged/uncertain	
200811	213	NA	2018-08-20 19:59:58	2018-08-20 20:00:12	NA	NA	NA	NA	NA	NA	NA	NA	
201391	214	NA	2018-08-20 20:09:52	2018-08-20 20:10:06	NA	NA	NA	NA	NA	NA	NA	NA	
201392	NA	214	2018-08-20 20:10:07	2018-08-20 20:16:09	6.876111111	9.18	NA	NA	NA	29564.04234	RF13	North CA aged/uncertain	
201393	214	NA	2018-08-20 20:16:10	2018-08-20 20:16:24	NA	NA	NA	NA	NA	NA	NA	NA	
201818	215	NA	2018-08-20 20:23:29	2018-08-20 20:23:43	NA	NA	NA	NA	NA	NA	NA	NA	
201819	NA	215	2018-08-20 20:23:44	2018-08-20 20:31:03	6.876111111	6.73	NA	NA	NA	29569.92776	RF13	North CA aged/uncertain	
201820	215	NA	2018-08-20 20:31:04	2018-08-20 20:31:18	NA	NA	NA	NA	NA	NA	NA	NA	
201945	216	NA	2018-08-20 20:33:23	2018-08-20 20:33:37	NA	NA	NA	NA	NA	NA	NA	NA	
201946	NA	216	2018-08-20 20:33:38	2018-08-20 20:41:25	6.876111111	9.63	NA	NA	NA	29565.55467	RF13	North CA aged/uncertain	
201947	216	NA	2018-08-20 20:41:26	2018-08-20 20:41:40	NA	NA	NA	NA	NA	NA	NA	NA	
201974	217	NA	2018-08-20 20:42:07	2018-08-20 20:42:21	NA	NA	NA	NA	NA	NA	NA	NA	
201975	NA	217	2018-08-20 20:42:22	2018-08-20 20:51:51	6.876111111	6.81	NA	NA	NA	29558.8199	RF13	North CA aged/uncertain	
201976	217	NA	2018-08-20 20:51:52	2018-08-20 20:52:06	NA	NA	NA	NA	NA	NA	NA	NA	
203221	218	NA	2018-08-20 21:12:51	2018-08-20 21:13:05	NA	NA	NA	NA	NA	NA	NA	NA	
203222	NA	218	2018-08-20 21:13:06	2018-08-20 21:23:44	6.876111111	8.01	NA	NA	NA	29821.70679	RF13	North CA aged/uncertain	
203223	218	NA	2018-08-20 21:23:45	2018-08-20 21:23:59	NA	NA	NA	NA	NA	NA	NA	NA	
203279	219	NA	2018-08-20 21:24:55	2018-08-20 21:25:09	NA	NA	NA	NA	NA	NA	NA	NA	
203280	NA	219	2018-08-20 21:25:10	2018-08-20 21:33:54	6.876111111	8.53	NA	NA	NA	29905.24238	RF13	North CA aged/uncertain	
203281	219	NA	2018-08-20 21:33:55	2018-08-20 21:34:06	NA	NA	NA	NA	NA	NA	NA	NA	
203282	219.5	NA	2018-08-20 21:34:07	2018-08-20 21:34:09	NA	NA	NA	NA	NA	NA	NA	NA	
203283	220	NA	2018-08-20 21:34:10	2018-08-20 21:34:21	NA	NA	NA	NA	NA	NA	NA	NA	
203284	NA	220	2018-08-20 21:34:22	2018-08-20 21:43:58	6.876111111	4.45	NA	NA	NA	30020.78979	RF13	North CA aged/uncertain	
203285	NA	221	2018-08-20 21:44:01	2018-08-20 21:53:09	6.876111111	5.36	NA	NA	NA	30029.08036	RF13	North CA aged/uncertain	
203286	221	NA	2018-08-20 21:53:10	2018-08-20 21:53:24	NA	NA	NA	NA	NA	NA	NA	NA	
203310	222	NA	2018-08-20 21:53:48	2018-08-20 21:54:02	NA	NA	NA	NA	NA	NA	NA	NA	
203311	NA	222	2018-08-20 21:54:03	2018-08-20 22:04:32	6.876111111	5.35	NA	NA	NA	30133.41338	RF13	North CA aged/uncertain	
203312	222	NA	2018-08-20 22:04:33	2018-08-20 22:04:43	NA	NA	NA	NA	NA	NA	NA	NA	
203313	222.5	NA	2018-08-20 22:04:44	2018-08-20 22:04:47	NA	NA	NA	NA	NA	NA	NA	NA	
203314	223	NA	2018-08-20 22:04:48	2018-08-20 22:04:58	NA	NA	NA	NA	NA	NA	NA	NA	
203315	NA	223	2018-08-20 22:04:59	2018-08-20 22:18:32	6.876111111	7.31	NA	NA	NA	30270.72399	RF13	North CA aged/uncertain	
203316	223	NA	2018-08-20 22:18:33	2018-08-20 22:18:47	NA	NA	NA	NA	NA	NA	NA	NA	
204361	224	NA	2018-08-20 22:36:12	2018-08-20 22:36:26	NA	NA	NA	NA	NA	NA	NA	NA	
204362	NA	224	2018-08-20 22:36:27	2018-08-20 22:48:39	6.876111111	2.06	NA	NA	NA	30452.09129	RF13	North CA aged/uncertain	
204363	224	NA	2018-08-20 22:48:40	2018-08-20 22:48:54	NA	NA	NA	NA	NA	NA	NA	NA	
204529	225	NA	2018-08-20 22:51:40	2018-08-20 22:51:54	NA	NA	NA	NA	NA	NA	NA	NA	
204530	NA	225	2018-08-20 22:51:55	2018-08-20 22:52:49	6.876111111	1.39	NA	NA	NA	30412.52811	RF13	North CA aged/uncertain	
204531	225	NA	2018-08-20 22:52:50	2018-08-20 22:53:04	NA	NA	NA	NA	NA	NA	NA	NA	
204561	226	NA	2018-08-20 22:53:34	2018-08-20 22:53:48	NA	NA	NA	NA	NA	NA	NA	NA	
204562	NA	226	2018-08-20 22:53:49	2018-08-20 23:00:46	6.876111111	4.2	NA	NA	NA	30489.13466	RF13	North CA aged/uncertain	
204563	226	NA	2018-08-20 23:00:47	2018-08-20 23:01:01	NA	NA	NA	NA	NA	NA	NA	NA	
204935	227	NA	2018-08-20 23:07:13	2018-08-20 23:07:27	NA	NA	NA	NA	NA	NA	NA	NA	
204936	NA	227	2018-08-20 23:07:28	2018-08-20 23:21:47	6.876111111	2.76	NA	NA	NA	30698.70278	RF13	North CA aged/uncertain	
204937	227	NA	2018-08-20 23:21:48	2018-08-20 23:22:02	NA	NA	NA	NA	NA	NA	NA	NA	
205067	228	NA	2018-08-20 23:24:12	2018-08-20 23:24:26	NA	NA	NA	NA	NA	NA	NA	NA	
205068	NA	228	2018-08-20 23:24:27	2018-08-20 23:27:52	6.662	6.89	88748.62588	86984.92	NA	222.0269836	RF13	Mendocino Complex Fire	
205069	228	NA	2018-08-20 23:27:53	2018-08-20 23:28:07	NA	NA	NA	NA	NA	NA	NA	NA	
205380	229	NA	2018-08-20 23:33:18	2018-08-20 23:33:32	NA	NA	NA	NA	NA	NA	NA	NA	
205381	NA	229	2018-08-20 23:33:33	2018-08-20 23:38:15	6.662	5.17	82375.2193	89931.16	NA	206.0823059	RF13	Mendocino Complex Fire	
205382	229	NA	2018-08-20 23:38:16	2018-08-20 23:38:30	NA	NA	NA	NA	NA	NA	NA	NA	
206173	230	NA	2018-08-20 23:51:43	2018-08-20 23:51:57	NA	NA	NA	NA	NA	NA	NA	NA	
206174	NA	230	2018-08-20 23:51:58	2018-08-20 23:56:46	6.662	8.73	81523.96169	78223.59	NA	203.9526711	RF13	Mendocino Complex Fire	
206175	230	NA	2018-08-20 23:56:47	2018-08-20 23:57:01	NA	NA	NA	NA	NA	NA	NA	NA	
206606	231	NA	2018-08-21 00:03:45	2018-08-21 00:04:14	NA	NA	NA	NA	NA	NA	NA	NA	
206607	NA	231	2018-08-21 00:04:15	2018-08-21 00:10:14	6.662	5.3	58721.55621	72532.1	NA	146.9067252	RF13	Mendocino Complex Fire	
206608	231	NA	2018-08-21 00:10:15	2018-08-21 00:10:45	NA	NA	NA	NA	NA	NA	NA	NA	
206872	232	NA	2018-08-21 00:14:10	2018-08-21 00:14:39	NA	NA	NA	NA	NA	NA	NA	NA	
206873	NA	232	2018-08-21 00:14:40	2018-08-21 00:20:44	6.662	7.22	55829.83312	48087.43	1	139.6723534	RF13	Mendocino Complex Fire	Mendocino_Complex_Fire_a
206874	232	NA	2018-08-21 00:20:45	2018-08-21 00:21:15	NA	NA	NA	NA	NA	NA	NA	NA	
208227	233	NA	2018-08-21 00:42:55	2018-08-21 00:43:09	NA	NA	NA	NA	NA	NA	NA	NA	
208228	NA	233	2018-08-21 00:43:10	2018-08-21 01:01:18	4.44	3.07	NA	NA	NA	46975.69481	RF13	North CA aged/uncertain	
208229	233	NA	2018-08-21 01:01:19	2018-08-21 01:01:33	NA	NA	NA	NA	NA	NA	NA	NA	
208239	234	NA	2018-08-21 01:01:43	2018-08-21 01:01:57	NA	NA	NA	NA	NA	NA	NA	NA	
208240	NA	234	2018-08-21 01:01:58	2018-08-21 01:20:34	4.44	5.73	NA	NA	NA	46559.16151	RF13	North CA aged/uncertain	
208241	234	NA	2018-08-21 01:20:35	2018-08-21 01:20:49	NA	NA	NA	NA	NA	NA	NA	NA	
208277	235	NA	2018-08-21 01:21:25	2018-08-21 01:21:39	NA	NA	NA	NA	NA	NA	NA	NA	
208278	NA	235	2018-08-21 01:21:40	2018-08-21 01:40:17	4.44	4.52	NA	NA	NA	46216.21143	RF13	North CA aged/uncertain	
208279	235	NA	2018-08-21 01:40:18	2018-08-21 01:40:32	NA	NA	NA	NA	NA	NA	NA	NA	
235310	NA	236	2018-08-26 20:08:48	2018-08-26 20:13:51	16.995	15.42	29370.98889	27617.29	NA	28.80355878	RF15	South Sugarloaf Fire	
235776	NA	237	2018-08-26 20:21:37	2018-08-26 20:25:52	16.995	11.74	45278.25693	47086.33	NA	44.40350783	RF15	South Sugarloaf Fire	
236386	NA	238	2018-08-26 20:36:04	2018-08-26 20:41:53	16.995	18.02	50800.22811	59745.95	NA	49.81879779	RF15	South Sugarloaf Fire	
236942	NA	239	2018-08-26 20:51:09	2018-08-26 20:57:31	16.995	14.23	68695.225	67187.66	NA	67.36807394	RF15	South Sugarloaf Fire	
237284	NA	240	2018-08-26 21:03:15	2018-08-26 21:11:24	16.995	16.08	74742.35576	87586.29	NA	73.29837772	RF15	South Sugarloaf Fire	
237926	NA	241	2018-08-26 21:22:06	2018-08-26 21:29:24	16.995	13.15	79312.31079	75773.62	NA	77.78004392	RF15	South Sugarloaf Fire	
238476	NA	242	2018-08-26 21:38:37	2018-08-26 21:47:16	16.995	15.2	86881.15039	99537.3	NA	85.20265802	RF15	South Sugarloaf Fire	
238800	NA	243	2018-08-26 22:00:28	2018-08-26 22:06:12	16.995	18.04	83261.53491	79154.78	NA	81.65297138	RF15	South Sugarloaf Fire	
239328	NA	244	2018-08-26 22:15:00	2018-08-26 22:21:24	16.995	21.1	142445.74	146206.61	NA	139.6937726	RF15	South Sugarloaf Fire	
240010	NA	245	2018-08-26 22:32:46	2018-08-26 22:42:04	16.995	18.17	150979.0657	151132.92	NA	148.0622396	RF15	South Sugarloaf Fire	
240382	NA	246	2018-08-26 22:48:16	2018-08-26 22:57:01	16.995	18.64	146593.0356	152237.58	NA	143.760945	RF15	South Sugarloaf Fire	
240636	NA	247	2018-08-26 23:01:15	2018-08-26 23:10:40	16.995	15.24	148097.7108	152509	NA	145.2365507	RF15	South Sugarloaf Fire	
241157	NA	248	2018-08-26 23:19:21	2018-08-26 23:27:29	16.995	20.13	149809.5689	154636.59	NA	146.9153368	RF15	South Sugarloaf Fire	
241930	NA	249	2018-08-26 23:40:24	2018-08-26 23:48:06	16.995	15.45	82308.23382	85576.04	NA	80.71808749	RF15	South Sugarloaf Fire	
242529	NA	250	2018-08-26 23:58:05	2018-08-27 00:06:27	16.995	16.57	82650.62476	90388.25	NA	81.05386364	RF15	South Sugarloaf Fire	
242989	NA	251	2018-08-27 00:14:06	2018-08-27 00:20:41	16.995	14.32	83635.72603	84879.62	NA	82.01993334	RF15	South Sugarloaf Fire	
243743	NA	252	2018-08-27 00:33:18	2018-08-27 00:41:56	16.995	16.95	83714.21813	93388.16	NA	82.09690902	RF15	South Sugarloaf Fire	
244022	236	NA	2018-08-27 00:46:35	2018-08-27 00:46:35	NA	NA	NA	NA	NA	NA	NA	NA	
244023	237	NA	2018-08-27 00:46:36	2018-08-27 00:46:36	NA	NA	NA	NA	NA	NA	NA	NA	
244024	238	NA	2018-08-27 00:46:37	2018-08-27 00:46:37	NA	NA	NA	NA	NA	NA	NA	NA	
244025	239	NA	2018-08-27 00:46:38	2018-08-27 00:46:38	NA	NA	NA	NA	NA	NA	NA	NA	
244026	240	NA	2018-08-27 00:46:39	2018-08-27 00:46:39	NA	NA	NA	NA	NA	NA	NA	NA	
244027	241	NA	2018-08-27 00:46:40	2018-08-27 00:46:40	NA	NA	NA	NA	NA	NA	NA	NA	
244028	242	NA	2018-08-27 00:46:41	2018-08-27 00:46:41	NA	NA	NA	NA	NA	NA	NA	NA	
244029	243	NA	2018-08-27 00:46:42	2018-08-27 00:46:42	NA	NA	NA	NA	NA	NA	NA	NA	
244030	244	NA	2018-08-27 00:46:43	2018-08-27 00:46:43	NA	NA	NA	NA	NA	NA	NA	NA	
244031	245	NA	2018-08-27 00:46:44	2018-08-27 00:46:44	NA	NA	NA	NA	NA	NA	NA	NA	
244032	246	NA	2018-08-27 00:46:45	2018-08-27 00:46:45	NA	NA	NA	NA	NA	NA	NA	NA	
244033	247	NA	2018-08-27 00:46:46	2018-08-27 00:46:46	NA	NA	NA	NA	NA	NA	NA	NA	
244034	248	NA	2018-08-27 00:46:47	2018-08-27 00:46:47	NA	NA	NA	NA	NA	NA	NA	NA	
244035	249	NA	2018-08-27 00:46:48	2018-08-27 00:46:48	NA	NA	NA	NA	NA	NA	NA	NA	
244036	250	NA	2018-08-27 00:46:49	2018-08-27 00:46:49	NA	NA	NA	NA	NA	NA	NA	NA	
244037	251	NA	2018-08-27 00:46:50	2018-08-27 00:46:50	NA	NA	NA	NA	NA	NA	NA	NA	
244038	252	NA	2018-08-27 00:46:51	2018-08-27 00:46:51	NA	NA	NA	NA	NA	NA	NA	NA	
244039	253	NA	2018-08-27 00:46:52	2018-08-27 00:46:52	NA	NA	NA	NA	NA	NA	NA	NA	
244040	254	NA	2018-08-27 00:46:53	2018-08-27 00:46:53	NA	NA	NA	NA	NA	NA	NA	NA	
244041	255	NA	2018-08-27 00:46:54	2018-08-27 00:46:54	NA	NA	NA	NA	NA	NA	NA	NA	
244042	256	NA	2018-08-27 00:46:55	2018-08-27 00:46:55	NA	NA	NA	NA	NA	NA	NA	NA	
244043	257	NA	2018-08-27 00:46:56	2018-08-27 00:46:56	NA	NA	NA	NA	NA	NA	NA	NA	
244438	NA	253	2018-08-27 00:53:31	2018-08-27 00:58:54	16.995	16.01	46705.93759	53814.18	NA	45.80360654	RF15	South Sugarloaf Fire	
244934	NA	254	2018-08-27 01:07:13	2018-08-27 01:11:04	16.995	19.97	48067.5449	50958.97	NA	47.13890841	RF15	South Sugarloaf Fire	
245333	NA	255	2018-08-27 01:17:43	2018-08-27 01:22:42	16.995	19.85	48519.3347	49975.62	NA	47.5819699	RF15	South Sugarloaf Fire	
245694	NA	256	2018-08-27 01:28:43	2018-08-27 01:33:41	16.995	21.46	66839.7921	66607.36	NA	65.54848691	RF15	South Sugarloaf Fire	
246316	NA	257	2018-08-27 01:44:03	2018-08-27 01:47:57	16.995	18.15	94974.6705	95999.58	NA	93.13981612	RF15	South Sugarloaf Fire	
246317	258		2018-09-10 20:22:45	2018-09-10 20:23:14					NA		RF18		
246318		258	2018-09-10 20:23:15	2018-09-10 20:24:14	4.720	4.720	4825.805	4825.805	1	17.04195	RF18	Red Feather Lakes Rx Fire	Red_Feather_Lakes_Rx_Fire_a
246319	258		2018-09-10 20:24:15	2018-09-10 20:24:45					NA		RF18		
246320	259		2018-09-10 22:25:35	2018-09-10 22:26:04					NA		RF18		
246321		259	2018-09-10 22:26:05	2018-09-10 22:26:34	3.220	3.220	3456.210	3456.210	1	17.89452	RF18	Red Feather Lakes Rx Fire	Red_Feather_Lakes_Rx_Fire_b
246322	259		2018-09-10 22:26:35	2018-09-10 22:27:05					NA		RF18		
246323		260	2018-09-13 21:16:47	2018-09-13 21:17:59	17.688	17.688	24746.081	24746.081	1	23.3179	RF19	Silver Creek Fire	Silver_Creek_Fire_a
246324	260.5		2018-09-13 21:18:00	2018-09-13 21:18:14					NA		RF19		
246325		261	2018-09-13 21:18:15	2018-09-13 21:18:59	15.778	15.778	27340.886	27340.886	1	28.8812	RF19	Silver Creek Fire	Silver_Creek_Fire_b
246326	261		2018-09-13 21:19:00	2018-09-13 21:19:30					NA		RF19		
