Exact m/z (Th)	Ion formula	NMOG identity	Ponderosa Pine	Standard deviation	Lodgepole pine	Standard deviation	Douglas Fir	Standard deviation	Subalpine Fir	Standard deviation	Engelmann Spruce	Standard deviation	Loblolly Pine	Standard deviation	Jeffrey Pine	Standard deviation	Juniper	Standard deviation	Sage	Standard deviation	Manzanita, "uncontaminated"*	Standard deviation	Manzanita, "contaminated"*	Standard deviation	Chamise, "uncontaminated"*	Standard deviation	Chamise, "contaminated"*	Standard deviation	Ceanothus	Standard deviation	Bear Grass	Standard deviation	Rice Straw	Standard deviation	Peat	Standard deviation	Dung	Standard deviation	Excelsior	Standard deviation	Building Material	Standard deviation
18.0338	NH4	ammonia	0.69	0.42	0.68	0.19	0.49	0.21	1.49	1.59	1.66	1.43	0.40	0.04	1.41	(single sample)	0.65	0.12	0.78	0.28	0.45	0.07	0.57	0.04	0.49	0.05	0.34	0.08	1.07	0.28	1.26	(single sample)	0.36	(single sample)	1.44	(single sample)	3.54	(single sample)	0.15	0.05	0.14	(single sample)
26.0151	C2H2	acetylene	0.37	0.22	0.42	0.22	0.37	0.22	0.58	0.28	0.30	0.14	0.21	0.01	0.51		0.52	0.13	0.41	0.17	0.13	0.04	0.14	0.00	0.15	0.01	0.13	0.04	0.22	0.08	0.97		0.33		0.49		0.75		0.18	0.11	0.08	
28.0182	HCNH	HCN	0.27	0.18	0.28	0.06	0.27	0.17	0.47	0.48	0.46	0.38	0.16	0.01	0.75		0.32	0.03	0.29	0.17	0.07	0.02	0.08	0.00	0.09	0.02	0.08	0.02	0.22	0.14	0.37		0.14		3.09		1.54		0.01	0.01	0.02	
28.0308	C2H4	ethene	0.56	0.32	0.71	0.31	0.57	0.37	0.93	0.42	0.29	0.15	0.21	0.03	0.79		0.96	0.27	0.67	0.31	0.19	0.05	0.21	0.01	0.20	0.02	0.19	0.08	0.40	0.14	1.57		0.34		0.56		0.54		0.23	0.16	0.14	
30.0338	CH3NH	Methanimine	0.00	0.00	0.00	0.00	0.00	0.00	0.00	0.00	0.00	0.00	0.00	0.00	0.00		0.00	0.00	0.00	0.00	0.00	0.00	0.00	0.00	0.00	0.00	0.00	0.00	0.00	0.00	0.00		0.00		0.00		0.01		0.00	0.00	0.00	
31.0178	CH2OH	Formaldehyde	1.86	0.71	1.90	0.67	2.57	2.47	1.74	0.89	1.53	0.38	1.17	0.30	2.62		1.66	0.08	1.50	0.47	0.61	0.17	0.63	0.07	0.69	0.11	0.52	0.21	0.84	0.13	4.76		2.42		1.42		2.36		1.56	1.17	0.33	
33.0335	CH4OH	Methanol	1.16	0.48	0.90	0.35	1.30	1.37	1.61	0.98	1.27	0.79	0.87	0.10	2.20		0.81	0.17	0.95	0.12	0.44	0.07	0.39	0.04	0.38	0.06	0.26	0.04	0.67	0.21	3.57		1.13		2.44		1.84		0.95	0.81	0.20	
34.995	H3S	Hydrogen sulfide	0.01	0.01	0.01	0.01	0.02	0.01	0.10	0.14	0.04	0.05	0.01	0.00	0.05		0.02	0.00	0.01	0.01	0.00	0.00	0.01	0.00	0.00	0.00	0.00	0.00	0.01	0.01	0.04		0.02		0.22		0.21		0.00	0.00	0.00	
42.0338	C2H3NH	Acetonitrile	0.08	0.05	0.09	0.03	0.06	0.05	0.31	0.47	0.30	0.32	0.05	0.01	0.26		0.07	0.00	0.10	0.05	0.02	0.01	0.03	0.00	0.03	0.01	0.02	0.00	0.08	0.04	0.18		0.10		0.86		0.69		0.02	0.01	0.00	
43.0542	C3H6H	Propene	0.53	0.31	0.61	0.30	0.47	0.29	1.07	0.75	0.61	0.37	0.39	0.02	0.83		0.67	0.15	0.58	0.29	0.16	0.04	0.17	0.01	0.12	0.02	0.08	0.02	0.26	0.09	1.31		0.52		1.36		1.35		0.24	0.17	0.06	
44.0131	HNCOH	Isocyanic acid	0.62	0.44	0.57	0.24	0.47	0.28	0.60	0.29	0.43	0.10	0.19	0.01	0.53		0.76	0.13	1.35	0.31	0.26	0.02	0.27	0.03	0.56	0.08	0.41	0.08	0.61	0.22	1.23		0.19		0.50		0.94		0.07	0.03	0.10	
44.0495	C2H5NH	Ethenamine	0.01	0.00	0.01	0.00	0.01	0.00	0.01	0.01	0.01	0.01	0.00	0.00	0.01		0.01	0.00	0.01	0.01	0.00	0.00	0.00	0.00	0.00	0.00	0.00	0.00	0.00	0.00	0.02		0.01		0.00		0.04		0.00	0.00	0.00	
45.0335	C2H4OH	Acetaldehyde	0.87	0.39	0.92	0.32	0.79	0.51	1.63	1.20	1.22	0.82	0.66	0.03	1.97		0.83	0.17	0.84	0.30	0.24	0.05	0.27	0.03	0.23	0.03	0.16	0.03	0.48	0.19	2.67		1.75		1.44		2.70		0.70	0.49	0.15	
46.0287	CH3NOH	Formamide	0.01	0.01	0.01	0.00	0.01	0.01	0.03	0.04	0.03	0.03	0.01	0.00	0.02		0.01	0.00	0.01	0.01	0.00	0.00	0.00	0.00	0.00	0.00	0.00	0.00	0.01	0.01	0.03		0.02		0.04		0.07		0.00	0.00	0.00	
46.0651	C2H7NH	Ethylamine + dimethylamine	0.00	0.00	0.00	0.00	0.00	0.00	0.00	0.00	0.00	0.00	0.00	0.00	0.00		0.00	0.00	0.00	0.00	0.00	0.00	0.00	0.00	0.00	0.00	0.00	0.00	0.00	0.00	0.00		0.00		0.00		0.01		0.00	0.00	0.00	
47.0128	CH2O2H	Formic acid	0.35	0.19	0.28	0.14	0.40	0.29	0.34	0.20	0.20	0.06	0.10	0.00	0.61		0.24	0.04	0.15	0.05	0.11	0.04	0.12	0.03	0.07	0.01	0.06	0.03	0.17	0.12	1.09		0.43		0.33		0.37		0.14	0.10	0.07	
47.0491	C2H6OH	Ethanol	0.04	0.03	0.06	0.03	0.05	0.04	0.19	0.28	0.08	0.06	0.02	0.02	0.13		0.05	0.00	0.05	0.03	0.00	0.00	0.00	0.00	0.01	0.01	0.01	0.01	0.20	0.21	0.23		0.08		0.30		0.11		0.04	0.03	0.01	
48.008	HNO2H	HONO	0.54	0.23	0.60	0.20	0.51	0.32	0.67	0.26	0.36	0.12	0.23	0.01	0.32		0.73	0.10	0.49	0.10	0.38	0.05	0.45	0.14	0.40	0.06	0.32	0.02	0.51	0.20	0.76		0.23		0.25		0.61		0.13	0.05	0.16	
49.0106	CH4SH	methane thiol	0.01	0.01	0.01	0.01	0.01	0.01	0.07	0.10	0.03	0.04	0.01	0.00	0.04		0.01	0.00	0.01	0.00	0.00	0.00	0.00	0.00	0.00	0.00	0.00	0.00	0.01	0.01	0.03		0.02		0.07		0.17		0.00	0.00	0.00	
49.0284	CH4O2H	methane diol	0.00	0.00	0.00	0.00	0.00	0.00	0.00	0.00	0.00	0.00	0.00	0.00	0.00		0.00	0.00	0.00	0.00	0.00	0.00	0.00	0.00	0.00	0.00	0.00	0.00	0.00	0.00	0.00		0.00		0.00		0.00		0.00	0.00	0.00	
52.0182	C3HNH	Propiolonitrile (=propyne nitrile)	0.00	0.00	0.00	0.00	0.00	0.00	0.00	0.00	0.00	0.00	0.00	0.00	0.00		0.00	0.00	0.00	0.00	0.00	0.00	0.00	0.00	0.00	0.00	0.00	0.00	0.00	0.00	0.00		0.00		0.00		0.00		0.00	0.00	0.00	
53.0386	C4H4H	1-Buten-3-yne	0.06	0.03	0.06	0.03	0.06	0.04	0.07	0.06	0.03	0.01	0.03	0.00	0.07		0.07	0.02	0.06	0.02	0.02	0.01	0.02	0.00	0.02	0.00	0.01	0.00	0.03	0.01	0.13		0.05		0.03		0.07		0.03	0.02	0.01	
54.0338	C3H3NH	Acrylonitrile	0.02	0.02	0.03	0.01	0.03	0.02	0.04	0.02	0.03	0.02	0.01	0.00	0.03		0.04	0.00	0.04	0.03	0.01	0.00	0.01	0.00	0.01	0.00	0.01	0.00	0.02	0.01	0.04		0.01		0.06		0.09		0.00	0.00	0.00	
55.0178	C3H2OH	2-propynal	0.04	0.02	0.03	0.01	0.04	0.02	0.04	0.02	0.03	0.01	0.02	0.00	0.07		0.03	0.01	0.02	0.01	0.01	0.00	0.01	0.00	0.01	0.00	0.01	0.00	0.02	0.01	0.07		0.04		0.03		0.05		0.02	0.01	0.01	
55.0542	C4H6H	1,3-Butadiene + 1,2-Butadiene	0.29	0.19	0.34	0.18	0.29	0.21	0.54	0.40	0.26	0.13	0.18	0.01	0.37		0.41	0.10	0.29	0.13	0.09	0.03	0.10	0.01	0.07	0.01	0.05	0.02	0.13	0.05	0.62		0.20		0.42		0.53		0.10	0.07	0.03	
56.0495	C3H5NH	Propane nitrile	0.01	0.01	0.01	0.01	0.01	0.01	0.05	0.07	0.03	0.04	0.01	0.00	0.03		0.01	0.00	0.02	0.01	0.00	0.00	0.00	0.00	0.00	0.00	0.00	0.00	0.01	0.01	0.03		0.01		0.05		0.08		0.00	0.00	0.00	
57.0335	C3H4OH	Acrolein	0.93	0.43	0.97	0.50	0.90	0.45	1.11	0.68	0.65	0.19	0.48	0.02	1.07		0.97	0.18	0.90	0.33	0.28	0.07	0.31	0.04	0.29	0.04	0.21	0.06	0.49	0.16	2.49		1.32		0.36		1.17		0.67	0.48	0.16	
57.0699	C4H9	Butenes + other hydrocarbon	0.18	0.11	0.21	0.10	0.16	0.11	0.47	0.39	0.28	0.22	0.17	0.01	0.40		0.23	0.05	0.19	0.08	0.05	0.01	0.05	0.01	0.04	0.01	0.03	0.01	0.08	0.04	0.44		0.15		0.84		0.61		0.07	0.05	0.02	
58.0287	C2H3NOH	methyl isocyanate + hydroxyacetonitrile	0.01	0.01	0.01	0.00	0.01	0.01	0.03	0.03	0.02	0.02	0.01	0.00	0.03		0.01	0.00	0.02	0.01	0.00	0.00	0.00	0.00	0.00	0.00	0.00	0.00	0.01	0.00	0.04		0.02		0.03		0.08		0.00	0.00	0.00	
58.0651	C3H7NH	Propene amine	0.00	0.00	0.00	0.00	0.00	0.00	0.01	0.01	0.01	0.01	0.00	0.00	0.00		0.00	0.00	0.00	0.00	0.00	0.00	0.00	0.00	0.00	0.00	0.00	0.00	0.00	0.00	0.01		0.01		0.00		0.03		0.00	0.00	0.00	
59.0128	C2H2O2H	Glyoxal	0.32	0.20	0.44	0.23	0.28	0.22	0.28	0.20	0.70	0.37	0.20	0.14	0.04		0.14	0.04	0.32	0.01	0.08	0.03	0.10	0.07	0.07	0.05	0.09	0.05	0.09	0.05	0.51		0.04		0.00		0.03		0.26	0.27	0.05	
59.0491	C3H6OH	Acetone	0.36	0.16	0.34	0.12	0.37	0.21	0.79	0.71	0.51	0.39	0.35	0.04	1.02		0.27	0.05	0.38	0.15	0.12	0.02	0.13	0.00	0.09	0.02	0.06	0.01	0.20	0.06	0.89		0.53		1.05		0.97		0.20	0.15	0.05	
60.0444	C2H5NOH	Acetamide	0.03	0.02	0.04	0.02	0.04	0.02	0.27	0.49	0.22	0.27	0.04	0.00	0.15		0.02	0.00	0.03	0.02	0.01	0.00	0.01	0.00	0.01	0.00	0.00	0.00	0.03	0.02	0.11		0.10		0.26		0.90		0.01	0.01	0.00	
60.0808	C3H9NH	Trimethylamine	0.00	0.00	0.00	0.00	0.00	0.00	0.01	0.02	0.01	0.00	0.00	0.00	0.01		0.00	0.00	0.00	0.00	0.00	0.00	0.00	0.00	0.00	0.00	0.00	0.00	0.00	0.00	0.01		0.01		0.01		0.04		0.00	0.00	0.00	
61.0284	C2H4O2H	Acetic acid + glycolaldehyde	2.39	0.96	2.17	0.89	2.09	0.94	3.93	2.65	1.92	0.94	1.89	0.05	4.46		1.87	0.52	2.25	0.43	0.95	0.23	1.05	0.33	0.88	0.13	0.65	0.13	1.83	0.79	14.62		4.69		3.44		5.89		2.43	1.97	0.60	
62.0237	CH3NO2H	Nitromethane	0.06	0.03	0.07	0.03	0.08	0.05	0.06	0.04	0.04	0.03	0.03	0.01	0.04		0.09	0.01	0.05	0.02	0.03	0.01	0.03	0.01	0.02	0.00	0.02	0.01	0.05	0.02	0.08		0.03		0.02		0.07		0.00	0.00	0.01	
63.0263	C2H6SH	Dimethyl sulfide	0.00	0.00	0.00	0.00	0.00	0.00	0.00	0.01	0.00	0.00	0.00	0.00	0.00		0.00	0.00	0.00	0.00	0.00	0.00	0.00	0.00	0.00	0.00	0.00	0.00	0.00	0.00	0.01		0.00		0.02		0.02		0.00	0.00	0.00	
66.0338	C4H3NH	Cyanoallene isomers	0.00	0.00	0.00	0.00	0.00	0.00	0.00	0.00	0.00	0.00	0.00	0.00	0.00		0.00	0.00	0.00	0.00	0.00	0.00	0.00	0.00	0.00	0.00	0.00	0.00	0.00	0.00	0.00		0.00		0.00		0.00		0.00	0.00	0.00	
67.0542	C5H6H	1,3-Cyclopentadiene	0.04	0.03	0.04	0.03	0.04	0.04	0.06	0.05	0.02	0.01	0.01	0.00	0.03		0.04	0.01	0.03	0.02	0.01	0.00	0.01	0.00	0.01	0.00	0.00	0.00	0.01	0.01	0.06		0.02		0.02		0.04		0.01	0.01	0.00	
68.0495	C4H5NH	pyrrole + butene nitrile isomers	0.06	0.05	0.05	0.03	0.05	0.05	0.20	0.24	0.10	0.10	0.03	0.01	0.08		0.06	0.00	0.08	0.04	0.01	0.00	0.02	0.00	0.02	0.00	0.01	0.00	0.06	0.03	0.14		0.07		0.08		0.37		0.01	0.00	0.00	
68.9971	C3O2H	Carbon suboxide	0.00	0.00	0.00	0.00	0.00	0.00	0.00	0.00	0.00	0.00	0.00	0.00	0.00		0.00	0.00	0.00	0.00	0.00	0.00	0.00	0.00	0.00	0.00	0.00	0.00	0.00	0.00	0.01		0.00		0.00		0.00		0.00	0.00	0.00	
69.0335	C4H4OH	Furan	0.40	0.13	0.36	0.11	0.44	0.39	0.44	0.25	0.41	0.20	0.37	0.07	1.08		0.20	0.03	0.23	0.06	0.10	0.03	0.12	0.02	0.10	0.02	0.07	0.01	0.15	0.04	0.99		0.67		0.43		0.67		0.34	0.26	0.07	
69.0699	C5H8H	Isoprene	0.19	0.17	0.22	0.11	0.20	0.17	0.46	0.39	0.18	0.13	0.19	0.01	0.28		0.37	0.12	0.15	0.08	0.05	0.02	0.06	0.01	0.04	0.01	0.03	0.01	0.06	0.03	0.37		0.10		0.44		0.52		0.04	0.03	0.01	
70.0651	C4H7NH	Dihydropyrrole + butane nitrile	0.01	0.01	0.01	0.00	0.01	0.01	0.05	0.07	0.03	0.04	0.01	0.00	0.02		0.01	0.00	0.02	0.01	0.00	0.00	0.00	0.00	0.00	0.00	0.00	0.00	0.01	0.01	0.03		0.01		0.04		0.09		0.00	0.00	0.00	
71.0128	C3H2O2H	Propiolic acid	0.01	0.00	0.01	0.00	0.01	0.00	0.01	0.01	0.01	0.00	0.01	0.00	0.03		0.01	0.00	0.01	0.00	0.00	0.00	0.00	0.00	0.00	0.00	0.00	0.00	0.00	0.00	0.02		0.01		0.00		0.01		0.00	0.00	0.00	
71.0491	C4H6OH	MVK + methacrolein + crotonaldehyde	0.36	0.15	0.34	0.15	0.35	0.17	0.47	0.28	0.29	0.13	0.26	0.02	0.61		0.34	0.07	0.46	0.22	0.10	0.02	0.11	0.01	0.09	0.01	0.06	0.01	0.16	0.05	0.90		0.58		0.28		0.66		0.26	0.19	0.05	
71.0855	C5H10H	Pentene + methyl butene	0.02	0.01	0.03	0.01	0.02	0.02	0.06	0.05	0.03	0.03	0.02	0.00	0.06		0.03	0.01	0.03	0.02	0.00	0.00	0.00	0.00	0.00	0.00	0.00	0.00	0.01	0.00	0.06		0.03		0.13		0.09		0.01	0.01	0.00	
72.0808	C4H9NH	Butene amine	0.00	0.00	0.00	0.00	0.00	0.00	0.00	0.01	0.00	0.00	0.00	0.00	0.00		0.00	0.00	0.00	0.00	0.00	0.00	0.00	0.00	0.00	0.00	0.00	0.00	0.00	0.00	0.01		0.00		0.00		0.02		0.00	0.00	0.00	
73.0284	C3H4O2H	Pyruvaldehyde (=methyl glyoxal) + acrylic acid	0.31	0.11	0.30	0.10	0.31	0.15	0.40	0.21	0.28	0.12	0.21	0.01	0.66		0.25	0.06	0.21	0.08	0.06	0.02	0.08	0.02	0.06	0.01	0.05	0.01	0.13	0.07	0.87		0.67		0.14		0.60		0.24	0.19	0.05	
73.0648	C4H8OH	MEK + butanal + 2-methylpropanal	0.09	0.04	0.09	0.03	0.08	0.05	0.25	0.29	0.16	0.13	0.10	0.01	0.32		0.06	0.01	0.07	0.02	0.03	0.00	0.03	0.00	0.02	0.00	0.01	0.00	0.06	0.03	0.25		0.16		0.36		0.38		0.05	0.04	0.01	
74.0237	C2H3NO2H	nitroethene	0.00	0.00	0.00	0.00	0.00	0.00	0.00	0.00	0.00	0.00	0.00	0.00	0.00		0.00	0.00	0.00	0.00	0.00	0.00	0.00	0.00	0.00	0.00	0.00	0.00	0.00	0.00	0.00		0.00		0.00		0.00		0.00	0.00	0.00	
75.0441	C3H6O2H	methyl acetate + ethyl formate + hydroxyacetone	0.58	0.24	0.49	0.19	0.48	0.21	0.97	0.65	0.52	0.23	0.40	0.01	1.03		0.46	0.13	0.51	0.13	0.18	0.04	0.18	0.04	0.13	0.02	0.10	0.02	0.31	0.15	2.33		1.63		0.29		1.25		0.57	0.44	0.13	
76.0393	C2H5NO2H	Nitroethane or ethane nitrite	0.00	0.00	0.00	0.00	0.00	0.00	0.00	0.00	0.00	0.00	0.00	0.00	0.00		0.00	0.00	0.00	0.00	0.00	0.00	0.00	0.00	0.00	0.00	0.00	0.00	0.00	0.00	0.00		0.00		0.00		0.00		0.00	0.00	0.00	
78.0008	CH3NOSH	n-sulfinyl methanamine	0.00	0.00	0.00	0.00	0.00	0.00	0.00	0.00	0.00	0.00	0.00	0.00	0.00		0.00	0.00	0.00	0.00	0.00	0.00	0.00	0.00	0.00	0.00	0.00	0.00	0.00	0.00	0.00		0.00		0.00		0.00		0.00	0.00	0.00	
79.0542	C6H6H	Benzene	0.39	0.30	0.42	0.25	0.43	0.40	0.67	0.42	0.27	0.13	0.13	0.01	0.34		0.63	0.20	0.49	0.22	0.14	0.05	0.16	0.03	0.17	0.03	0.16	0.04	0.23	0.09	0.61		0.07		0.72		0.44		0.07	0.04	0.09	
80.0495	C5H5NH	Pyridine + pentadienenitriles	0.02	0.01	0.02	0.01	0.02	0.02	0.07	0.10	0.07	0.07	0.01	0.00	0.08		0.02	0.00	0.03	0.01	0.01	0.00	0.01	0.00	0.01	0.00	0.00	0.00	0.02	0.01	0.05		0.02		0.11		0.22		0.00	0.00	0.00	
81.0335	C5H4OH	2,4-Cyclopentadiene-1-one + 2 other HCO isomers	0.18	0.10	0.13	0.08	0.14	0.07	0.17	0.12	0.11	0.04	0.08	0.00	0.17		0.11	0.02	0.13	0.03	0.05	0.01	0.05	0.01	0.04	0.01	0.03	0.01	0.08	0.02	0.42		0.26		0.04		0.18		0.12	0.10	0.03	
82.0651	C5H7NH	Methyl pyrrole isomers + Pentene nitrile isomers	0.01	0.01	0.02	0.01	0.01	0.01	0.07	0.10	0.04	0.05	0.01	0.00	0.04		0.01	0.00	0.02	0.01	0.00	0.00	0.00	0.00	0.00	0.00	0.00	0.00	0.02	0.01	0.04		0.02		0.03		0.15		0.00	0.00	0.00	
83.0491	C5H6OH	2-methylfuran + 3-methylfuran + general HCO	0.36	0.14	0.32	0.11	0.35	0.21	0.61	0.49	0.45	0.29	0.37	0.04	1.04		0.22	0.04	0.25	0.07	0.11	0.02	0.11	0.01	0.07	0.01	0.05	0.01	0.15	0.04	0.81		0.62		0.54		0.91		0.22	0.17	0.05	
84.0808	C5H9NH	Pentanenitriles	0.01	0.00	0.01	0.00	0.00	0.00	0.03	0.05	0.02	0.03	0.00	0.00	0.02		0.01	0.00	0.01	0.00	0.00	0.00	0.00	0.00	0.00	0.00	0.00	0.00	0.00	0.00	0.02		0.01		0.03		0.06		0.00	0.00	0.00	
85.0106	C4H4SH	Thiophene	0.01	0.01	0.01	0.01	0.02	0.01	0.02	0.02	0.02	0.01	0.01	0.00	0.04		0.01	0.00	0.01	0.00	0.00	0.00	0.00	0.00	0.00	0.00	0.00	0.00	0.01	0.00	0.03		0.02		0.03		0.04		0.01	0.01	0.00	
85.0284	C4H4O2H	2-(3H)Furanone	0.45	0.17	0.40	0.15	0.49	0.45	0.52	0.33	0.39	0.18	0.40	0.04	1.14		0.22	0.04	0.20	0.07	0.09	0.03	0.11	0.03	0.08	0.01	0.06	0.01	0.15	0.07	1.02		0.85		0.28		0.81		0.38	0.30	0.07	
85.0648	C5H8OH	3-methyl-3-butene-2-one + cyclopentanone + HCO1 isomers	0.12	0.05	0.12	0.04	0.12	0.06	0.24	0.18	0.14	0.08	0.12	0.00	0.33		0.12	0.03	0.12	0.06	0.03	0.01	0.03	0.00	0.02	0.00	0.02	0.00	0.05	0.01	0.29		0.19		0.16		0.32		0.08	0.06	0.02	
87.0441	C4H6O2H	2,3-butanedione + methyl acrylate + other HCO2	0.49	0.21	0.42	0.17	0.42	0.20	0.69	0.46	0.44	0.21	0.34	0.01	0.91		0.35	0.06	0.38	0.10	0.16	0.03	0.16	0.03	0.13	0.02	0.09	0.02	0.24	0.07	1.72		1.45		0.43		1.15		0.54	0.46	0.09	
87.0804	C5H10OH	3-methyl-2-butanone + 2-methylbutanal+3-methylbutanal+2-pentanone +3-pentanone	0.03	0.02	0.03	0.01	0.03	0.02	0.11	0.14	0.06	0.05	0.04	0.00	0.14		0.02	0.00	0.03	0.01	0.01	0.00	0.01	0.00	0.00	0.00	0.00	0.00	0.02	0.01	0.11		0.08		0.17		0.16		0.03	0.02	0.00	
89.0233	C3H4O3H	Pyruvic acid	0.01	0.01	0.01	0.00	0.01	0.01	0.01	0.00	0.01	0.00	0.01	0.00	0.03		0.01	0.00	0.01	0.00	0.00	0.00	0.00	0.00	0.00	0.00	0.00	0.00	0.00	0.00	0.03		0.01		0.00		0.01		0.01	0.01	0.00	
89.0597	C4H8O2H	Methyl propanoate	0.08	0.03	0.07	0.02	0.06	0.04	0.13	0.10	0.10	0.06	0.08	0.01	0.28		0.04	0.01	0.07	0.01	0.03	0.01	0.03	0.01	0.02	0.00	0.02	0.00	0.04	0.01	0.27		0.22		0.10		0.23		0.07	0.06	0.02	
90.055	C3H7NO2H	Nitropropanes	0.00	0.00	0.00	0.00	0.00	0.00	0.00	0.00	0.00	0.00	0.00	0.00	0.00		0.00	0.00	0.00	0.00	0.00	0.00	0.00	0.00	0.00	0.00	0.00	0.00	0.00	0.00	0.00		0.00		0.00		0.01		0.00	0.00	0.00	
92.0495	C6H6N	Ethylnylpyrrole	0.00	0.00	0.00	0.00	0.00	0.00	0.00	0.00	0.00	0.00	0.00	0.00	0.00		0.00	0.00	0.00	0.00	0.00	0.00	0.00	0.00	0.00	0.00	0.00	0.00	0.00	0.00	0.00		0.00		0.00		0.01		0.00	0.00	0.00	
93.0699	C7H8H	Toluene	0.23	0.19	0.25	0.13	0.27	0.22	0.58	0.44	0.26	0.20	0.18	0.02	0.36		0.32	0.08	0.22	0.12	0.06	0.02	0.07	0.01	0.05	0.00	0.04	0.01	0.10	0.04	0.36		0.08		0.50		0.56		0.04	0.03	0.03	
94.0287	C5H3NOH	2-furancarbonitrile + 3-furancarbonitrile	0.00	0.00	0.00	0.00	0.00	0.00	0.00	0.01	0.01	0.01	0.00	0.00	0.02		0.00	0.00	0.00	0.00	0.00	0.00	0.00	0.00	0.00	0.00	0.00	0.00	0.00	0.00	0.00		0.00		0.02		0.02		0.00	0.00	0.00	
94.0651	C6H7NH	2-methyl pyridine + 3-methylpyridine	0.01	0.01	0.01	0.01	0.01	0.01	0.06	0.09	0.04	0.05	0.01	0.00	0.03		0.01	0.00	0.02	0.01	0.00	0.00	0.00	0.00	0.00	0.00	0.00	0.00	0.01	0.00	0.03		0.01		0.06		0.13		0.00	0.00	0.00	
94.9984	C2H6S2H	Dimethyl disulfide	0.00	0.00	0.00	0.00	0.00	0.00	0.00	0.00	0.00	0.00	0.00	0.00	0.01		0.00	0.00	0.00	0.00	0.00	0.00	0.00	0.00	0.00	0.00	0.00	0.00	0.00	0.00	0.01		0.00		0.00		0.00		0.00	0.00	0.00	
95.0491	C6H6OH	Phenol	0.66	0.53	0.57	0.36	0.65	0.52	0.92	0.63	0.48	0.29	0.36	0.02	0.94		0.44	0.10	0.45	0.22	0.16	0.05	0.19	0.01	0.11	0.01	0.08	0.02	0.32	0.18	1.04		0.42		1.56		1.01		0.25	0.20	0.09	
96.0444	C5H5NOH	4-pyridinol	0.01	0.01	0.01	0.01	0.01	0.01	0.03	0.03	0.03	0.02	0.01	0.00	0.02		0.01	0.00	0.01	0.00	0.00	0.00	0.00	0.00	0.00	0.00	0.00	0.00	0.00	0.00	0.02		0.01		0.03		0.13		0.00	0.00	0.00	
96.0808	C6H9NH	2,5-dimethyl pyrrole + 1-ethylpyrrole + other C2 substituted pyrroles	0.01	0.01	0.01	0.00	0.01	0.00	0.04	0.06	0.02	0.03	0.01	0.00	0.02		0.01	0.00	0.01	0.00	0.00	0.00	0.00	0.00	0.00	0.00	0.00	0.00	0.01	0.00	0.02		0.01		0.02		0.10		0.00	0.00	0.00	
97.0284	C5H4O2H	2-furfural + 3-furfural + other HCO2	0.64	0.22	0.54	0.17	0.82	0.99	0.67	0.41	0.57	0.32	0.65	0.12	3.09		0.26	0.05	0.36	0.07	0.16	0.04	0.18	0.05	0.11	0.02	0.08	0.02	0.23	0.07	1.68		0.95		1.69		1.07		0.37	0.31	0.15	
97.0648	C6H8OH	2,5-dimethyl furan + 2-ethylfuran + other C2 substituted furans	0.21	0.09	0.20	0.07	0.19	0.09	0.45	0.39	0.27	0.18	0.22	0.01	0.64		0.16	0.03	0.20	0.08	0.06	0.01	0.06	0.00	0.04	0.01	0.03	0.01	0.10	0.02	0.63		0.40		0.34		0.68		0.15	0.12	0.03	
98.0964	C6H11NH	4-methylpentanenitrile	0.00	0.00	0.00	0.00	0.00	0.00	0.01	0.02	0.01	0.01	0.00	0.00	0.01		0.00	0.00	0.00	0.00	0.00	0.00	0.00	0.00	0.00	0.00	0.00	0.00	0.00	0.00	0.01		0.00		0.01		0.03		0.00	0.00	0.00	
99.0263	C5H6SH	Methyl thiophenes	0.02	0.01	0.02	0.01	0.02	0.02	0.03	0.03	0.02	0.01	0.02	0.00	0.08		0.01	0.00	0.01	0.00	0.00	0.00	0.01	0.00	0.00	0.00	0.00	0.00	0.01	0.00	0.07		0.06		0.03		0.07		0.02	0.02	0.00	
99.0441	C5H6O2H	2-furanmethanol + other HCO2	0.44	0.18	0.38	0.15	0.42	0.30	0.60	0.41	0.40	0.20	0.45	0.03	1.18		0.24	0.05	0.23	0.08	0.10	0.02	0.11	0.03	0.08	0.01	0.06	0.01	0.16	0.06	1.25		0.97		0.26		0.90		0.42	0.32	0.07	
99.0804	C6H10OH	Methyl cyclopentanone + cyclohexanone + other ketones	0.02	0.01	0.02	0.01	0.02	0.01	0.06	0.06	0.03	0.02	0.02	0.01	0.06		0.02	0.00	0.02	0.01	0.00	0.00	0.00	0.00	0.00	0.00	0.00	0.00	0.01	0.00	0.07		0.04		0.05		0.07		0.02	0.02	0.00	
101.023	C4H4O3H	Dihydro furandione	0.09	0.08	0.05	0.02	0.06	0.05	0.07	0.05	0.04	0.02	0.05	0.01	0.17		0.02	0.00	0.01	0.01	0.01	0.00	0.01	0.00	0.01	0.00	0.01	0.00	0.01	0.01	0.08		0.05		0.09		0.06		0.02	0.02	0.01	
101.06	C5H8O2H	Methyl methacrylate + other HCO2	0.15	0.06	0.14	0.05	0.14	0.08	0.22	0.15	0.15	0.08	0.15	0.01	0.37		0.09	0.02	0.10	0.03	0.04	0.01	0.05	0.01	0.04	0.01	0.03	0.01	0.06	0.02	0.42		0.32		0.15		0.27		0.13	0.11	0.03	
101.096	C6H12OH	hexanal + hexanones	0.00	0.00	0.00	0.00	0.00	0.00	0.01	0.02	0.01	0.00	0.00	0.00	0.02		0.00	0.00	0.00	0.00	0.00	0.00	0.00	0.00	0.00	0.00	0.00	0.00	0.00	0.00	0.02		0.01		0.02		0.01		0.00	0.00	0.00	
103.039	C4H6O3H	Acetic anhydride	0.10	0.04	0.09	0.03	0.09	0.04	0.14	0.09	0.10	0.04	0.07	0.00	0.19		0.06	0.02	0.06	0.02	0.02	0.01	0.03	0.01	0.02	0.00	0.02	0.00	0.04	0.02	0.39		0.25		0.02		0.24		0.11	0.10	0.02	
103.054	C8H6H	Phenylacetylene	0.01	0.01	0.01	0.01	0.01	0.02	0.02	0.02	0.00	0.00	0.00	0.00	0.00		0.02	0.01	0.02	0.01	0.01	0.00	0.01	0.00	0.01	0.00	0.01	0.00	0.01	0.01	0.01		0.00		0.01		0.01		0.00	0.00	0.00	
104.049	C7H5NH	Benzonitrile	0.02	0.01	0.02	0.00	0.02	0.01	0.04	0.04	0.05	0.04	0.01	0.00	0.04		0.02	0.00	0.02	0.01	0.01	0.00	0.01	0.00	0.01	0.00	0.01	0.00	0.02	0.01	0.03		0.01		0.11		0.09		0.00	0.00	0.00	
105.07	C8H8H	Styrene	0.08	0.07	0.09	0.06	0.10	0.10	0.15	0.12	0.06	0.04	0.04	0.00	0.07		0.12	0.03	0.09	0.05	0.02	0.01	0.03	0.01	0.02	0.00	0.02	0.01	0.11	0.09	0.13		0.02		0.10		0.13		0.01	0.01	0.01	
106.065	C7H7NH	Vinylpyridine	0.00	0.00	0.00	0.00	0.00	0.00	0.01	0.01	0.00	0.00	0.00	0.00	0.00		0.00	0.00	0.00	0.00	0.00	0.00	0.00	0.00	0.00	0.00	0.00	0.00	0.00	0.00	0.01		0.00		0.00		0.02		0.00	0.00	0.00	
107.049	C7H6OH	Benzaldehyde	0.09	0.05	0.09	0.05	0.11	0.07	0.12	0.08	0.08	0.04	0.04	0.00	0.10		0.09	0.02	0.08	0.04	0.02	0.01	0.03	0.00	0.02	0.00	0.02	0.01	0.09	0.06	0.14		0.04		0.06		0.10		0.02	0.01	0.01	
107.086	C8H10H	Ethyl benzene + m-xylene + p-xylene + o-xylene	0.12	0.09	0.12	0.05	0.16	0.13	0.30	0.24	0.12	0.09	0.13	0.02	0.20		0.22	0.06	0.10	0.06	0.03	0.01	0.03	0.01	0.02	0.00	0.01	0.00	0.03	0.01	0.20		0.04		0.35		0.28		0.02	0.01	0.01	
108.044	C6H5NOH	pyridine aldehyde + methylfuronitrile + nitrosobenzene	0.00	0.00	0.01	0.00	0.01	0.00	0.01	0.01	0.01	0.01	0.00	0.00	0.02		0.00	0.00	0.01	0.00	0.00	0.00	0.00	0.00	0.00	0.00	0.00	0.00	0.00	0.00	0.01		0.01		0.01		0.02		0.00	0.00	0.00	
108.081	C7H9NH	dimethyl pyridine + ethylpyridine + heptylnitriles	0.01	0.01	0.00	0.00	0.01	0.00	0.03	0.04	0.02	0.02	0.01	0.00	0.01		0.00	0.00	0.01	0.00	0.00	0.00	0.00	0.00	0.00	0.00	0.00	0.00	0.00	0.00	0.01		0.00		0.02		0.07		0.00	0.00	0.00	
109.028	C6H4O2H	Quinone (=p-Benzoquinone)	0.10	0.04	0.08	0.02	0.13	0.13	0.08	0.06	0.08	0.03	0.08	0.01	0.21		0.04	0.00	0.09	0.03	0.17	0.05	0.20	0.08	0.06	0.01	0.05	0.01	0.03	0.01	0.18		0.06		0.05		0.07		0.03	0.01	0.01	
109.065	C7H8OH	2-Methylphenol (=o-cresol) + anisol	0.47	0.23	0.41	0.17	0.48	0.24	0.93	0.67	0.57	0.38	0.47	0.02	1.34		0.35	0.08	0.32	0.14	0.10	0.01	0.11	0.01	0.08	0.01	0.05	0.01	0.25	0.10	1.09		0.41		0.84		1.12		0.20	0.15	0.07	
110.096	C7H11NH	C7 acrylonitrile	0.00	0.00	0.00	0.00	0.00	0.00	0.02	0.03	0.01	0.01	0.00	0.00	0.01		0.00	0.00	0.00	0.00	0.00	0.00	0.00	0.00	0.00	0.00	0.00	0.00	0.00	0.00	0.01		0.00		0.01		0.05		0.00	0.00	0.00	
111.044	C6H6O2H	5-Methyl furfural +Benzene diols (=catechol, resorcinol)	0.85	0.38	0.68	0.29	1.06	1.00	1.00	0.68	0.84	0.52	0.92	0.13	3.04		0.32	0.05	0.37	0.13	0.47	0.26	0.60	0.03	0.13	0.02	0.10	0.02	0.21	0.09	1.38		0.81		0.92		1.25		0.32	0.23	0.09	
111.08	C7H10OH	C3 furan + various HCO	0.08	0.04	0.08	0.03	0.07	0.04	0.23	0.20	0.12	0.08	0.09	0.01	0.22		0.07	0.01	0.08	0.03	0.02	0.00	0.02	0.00	0.02	0.00	0.01	0.00	0.04	0.01	0.28		0.18		0.16		0.31		0.05	0.04	0.01	
112.039	C5H5NO2H	dihydroxy pyridine + methyl maleimide	0.00	0.00	0.01	0.00	0.01	0.00	0.01	0.02	0.02	0.01	0.00	0.00	0.02		0.00	0.00	0.00	0.00	0.00	0.00	0.00	0.00	0.00	0.00	0.00	0.00	0.00	0.00	0.01		0.01		0.02		0.04		0.00	0.00	0.00	
113.023	C5H4O3H	5-Hydroxy 2-furfural/2-furoic acid	0.11	0.06	0.11	0.04	0.16	0.19	0.15	0.10	0.12	0.08	0.13	0.03	0.45		0.05	0.01	0.03	0.01	0.02	0.01	0.02	0.01	0.01	0.00	0.01	0.00	0.04	0.03	0.20		0.16		0.14		0.23		0.06	0.05	0.01	
113.06	C6H8O2H	2-hydroxy-3-methyl-2-cyclopenten-1-one	0.23	0.11	0.19	0.08	0.20	0.11	0.35	0.25	0.22	0.12	0.24	0.02	0.60		0.11	0.02	0.13	0.03	0.06	0.01	0.06	0.01	0.04	0.01	0.03	0.01	0.07	0.02	0.63		0.46		0.12		0.55		0.17	0.13	0.03	
113.096	C7H12OH	Ethylcyclopentanone	0.01	0.01	0.01	0.01	0.01	0.01	0.03	0.02	0.01	0.01	0.01	0.00	0.04		0.01	0.00	0.01	0.01	0.00	0.00	0.00	0.00	0.00	0.00	0.00	0.00	0.00	0.00	0.03		0.02		0.03		0.03		0.01	0.01	0.00	
114.019	C4H3NO3H	Nitrofuran	0.00	0.00	0.00	0.00	0.00	0.00	0.00	0.00	0.00	0.00	0.00	0.00	0.01		0.00	0.00	0.00	0.00	0.00	0.00	0.00	0.00	0.00	0.00	0.00	0.00	0.00	0.00	0.00		0.00		0.00		0.00		0.00	0.00	0.00	
115.039	C5H6O3H	5-hydroxymethyl-2[3H]-furanone	0.23	0.09	0.20	0.08	0.24	0.23	0.23	0.13	0.15	0.07	0.22	0.02	0.78		0.10	0.02	0.09	0.03	0.04	0.02	0.06	0.02	0.04	0.01	0.03	0.01	0.08	0.04	0.78		0.47		0.07		0.69		0.18	0.14	0.04	
115.075	C6H10O2H	C6 Diones + C6 1-DBE esters	0.03	0.02	0.03	0.01	0.03	0.02	0.06	0.05	0.04	0.02	0.03	0.00	0.09		0.03	0.01	0.02	0.01	0.01	0.00	0.01	0.00	0.01	0.00	0.00	0.00	0.01	0.01	0.09		0.05		0.05		0.07		0.02	0.02	0.00	
115.112	C7H14OH	heptanal + 2,4-dimethyl-3-pentanone + heptanone	0.01	0.01	0.01	0.00	0.01	0.01	0.02	0.02	0.01	0.01	0.01	0.00	0.05		0.01	0.00	0.00	0.00	0.00	0.00	0.00	0.00	0.00	0.00	0.00	0.00	0.00	0.00	0.04		0.02		0.02		0.04		0.01	0.01	0.00	
117.055	C5H8O3H	5-hydroxymethyl tetrahydro 2-furanone + 5-hydroxy tetrahydro 2-furfural	0.16	0.08	0.11	0.04	0.09	0.04	0.15	0.09	0.10	0.05	0.11	0.00	0.20		0.07	0.01	0.08	0.01	0.04	0.01	0.05	0.01	0.04	0.01	0.03	0.01	0.05	0.01	0.58		0.59		0.01		0.29		0.23	0.21	0.03	
117.07	C9H8H	Indene + propynyl benzene isomer	0.03	0.03	0.03	0.02	0.04	0.04	0.05	0.06	0.01	0.01	0.01	0.00	0.02		0.05	0.02	0.03	0.03	0.01	0.01	0.01	0.01	0.01	0.00	0.01	0.00	0.01	0.01	0.04		0.00		0.04		0.03		0.00	0.00	0.00	
117.091	C6H12O2H	C6 esters	0.01	0.00	0.01	0.01	0.01	0.00	0.03	0.04	0.03	0.02	0.02	0.00	0.07		0.00	0.00	0.01	0.00	0.00	0.00	0.00	0.00	0.00	0.00	0.00	0.00	0.00	0.00	0.02		0.01		0.04		0.05		0.01	0.01	0.00	
118.05	C4H7NO3H	butene nitrates	0.00	0.00	0.00	0.00	0.00	0.00	0.01	0.00	0.00	0.00	0.00	0.00	0.01		0.00	0.00	0.00	0.00	0.00	0.00	0.00	0.00	0.00	0.00	0.00	0.00	0.00	0.00	0.01		0.00		0.01		0.01		0.00	0.00	0.00	
118.065	C8H7NH	benzeneacetonitrile	0.01	0.01	0.01	0.01	0.01	0.01	0.03	0.03	0.02	0.02	0.00	0.00	0.01		0.01	0.00	0.01	0.01	0.00	0.00	0.00	0.00	0.00	0.00	0.00	0.00	0.01	0.01	0.02		0.00		0.02		0.06		0.00	0.00	0.00	
119.049	C8H6OH	Benzofuran	0.04	0.02	0.04	0.02	0.04	0.02	0.05	0.03	0.04	0.02	0.02	0.00	0.05		0.04	0.01	0.04	0.02	0.01	0.00	0.01	0.00	0.01	0.00	0.01	0.00	0.11	0.09	0.07		0.03		0.06		0.07		0.01	0.01	0.01	
119.086	C9H10H	Indane + methyl styrenes + propenyl benzenes	0.05	0.04	0.05	0.03	0.05	0.05	0.09	0.07	0.03	0.02	0.04	0.00	0.05		0.08	0.02	0.04	0.03	0.01	0.00	0.01	0.00	0.01	0.00	0.00	0.00	0.01	0.01	0.07		0.01		0.10		0.08		0.01	0.00	0.00	
120.081	C8H9NH	Dihydro pyridine	0.00	0.00	0.00	0.00	0.00	0.00	0.01	0.01	0.00	0.00	0.00	0.00	0.00		0.00	0.00	0.00	0.00	0.00	0.00	0.00	0.00	0.00	0.00	0.00	0.00	0.00	0.00	0.00		0.00		0.00		0.01		0.00	0.00	0.00	
121.065	C8H8OH	Tolualdehyde	0.11	0.08	0.13	0.08	0.12	0.10	0.20	0.17	0.11	0.08	0.09	0.00	0.14		0.09	0.02	0.06	0.03	0.03	0.01	0.03	0.00	0.02	0.00	0.01	0.00	0.09	0.06	0.44		0.25		0.10		0.41		0.03	0.03	0.01	
121.101	C9H12H	C9 Aromatics	0.05	0.04	0.05	0.02	0.07	0.05	0.13	0.11	0.05	0.03	0.07	0.01	0.10		0.11	0.03	0.04	0.02	0.01	0.00	0.01	0.00	0.01	0.00	0.00	0.00	0.01	0.00	0.06		0.01		0.19		0.10		0.01	0.00	0.00	
123.044	C7H6O2H	2-hydroxybenzaldehyde (=Salicylaldehyde)	0.09	0.05	0.08	0.04	0.08	0.05	0.14	0.15	0.08	0.02	0.04	0.01	0.10		0.04	0.00	0.04	0.02	0.02	0.01	0.02	0.00	0.02	0.00	0.01	0.00	0.05	0.03	0.12		0.06		0.28		0.08		0.03	0.03	0.01	
123.08	C8H10OH	C2 Phenols + methyl anisol	0.12	0.05	0.11	0.04	0.13	0.06	0.25	0.20	0.19	0.13	0.14	0.01	0.37		0.08	0.02	0.08	0.03	0.03	0.00	0.03	0.00	0.02	0.00	0.01	0.00	0.05	0.02	0.33		0.16		0.23		0.45		0.06	0.04	0.02	
124.039	C6H5NO2H	Nitrobenzene	0.01	0.00	0.01	0.00	0.01	0.00	0.01	0.01	0.01	0.01	0.01	0.00	0.03		0.00	0.00	0.00	0.00	0.00	0.00	0.00	0.00	0.00	0.00	0.00	0.00	0.00	0.00	0.01		0.01		0.01		0.02		0.00	0.00	0.00	
125.023	C6H4O3H	Hydroxy benzoquinone	0.08	0.03	0.07	0.02	0.09	0.09	0.05	0.02	0.07	0.03	0.07	0.02	0.17		0.03	0.00	0.03	0.01	0.03	0.01	0.04	0.02	0.01	0.00	0.01	0.00	0.02	0.01	0.12		0.08		0.04		0.05		0.04	0.03	0.02	
125.06	C7H8O2H	Guaiacol (=2-methoxyphenol)	0.55	0.30	0.37	0.12	0.90	1.45	0.63	0.45	0.84	0.64	0.60	0.08	1.92		0.19	0.03	0.19	0.02	0.08	0.02	0.09	0.01	0.06	0.01	0.04	0.01	0.09	0.03	0.83		0.52		0.47		0.80		0.22	0.17	0.05	
126.128	C8H15NH	C8 nitriles	0.00	0.00	0.00	0.00	0.00	0.00	0.00	0.00	0.00	0.00	0.00	0.00	0.00		0.00	0.00	0.00	0.00	0.00	0.00	0.00	0.00	0.00	0.00	0.00	0.00	0.00	0.00	0.00		0.00		0.00		0.01		0.00	0.00	0.00	
126.97	C2H6S3H	Dimethyl trisulfide	0.00	0.00	0.00	0.00	0.00	0.00	0.00	0.00	0.00	0.00	0.00	0.00	0.00		0.00	0.00	0.00	0.00	0.00	0.00	0.00	0.00	0.00	0.00	0.00	0.00	0.00	0.00	0.00		0.00		0.00		0.00		0.00	0.00	0.00	
127.039	C6H6O3H	5-(hydroxymethyl)-2-furfural	0.33	0.18	0.27	0.10	0.70	0.59	0.56	0.36	0.30	0.16	0.40	0.08	0.99		0.10	0.02	0.09	0.03	0.08	0.04	0.12	0.01	0.03	0.01	0.02	0.01	0.06	0.03	0.64		0.27		0.26		0.38		0.12	0.08	0.03	
129.055	C6H8O3H	2,5-di(hydroxymethyl)furan + Methyl hydroxy dihydrofurfural	0.15	0.05	0.13	0.05	0.17	0.16	0.24	0.19	0.19	0.12	0.20	0.03	0.57		0.07	0.01	0.06	0.02	0.03	0.01	0.04	0.01	0.02	0.00	0.02	0.00	0.05	0.03	0.42		0.19		0.06		0.34		0.10	0.07	0.02	
129.07	C10H8H	Naphthalene	0.08	0.06	0.08	0.06	0.08	0.09	0.13	0.13	0.03	0.01	0.02	0.00	0.03		0.13	0.05	0.11	0.05	0.03	0.01	0.04	0.01	0.05	0.02	0.05	0.01	0.04	0.01	0.12		0.01		0.07		0.07		0.01	0.01	0.02	
131.086	C10H10H	Dihydronaphthalene	0.03	0.03	0.03	0.02	0.03	0.03	0.06	0.06	0.02	0.02	0.02	0.00	0.04		0.04	0.01	0.03	0.02	0.01	0.00	0.01	0.00	0.00	0.00	0.00	0.00	0.01	0.00	0.05		0.01		0.07		0.05		0.00	0.00	0.00	
132.081	C9H9NH	Methyl benzeneacetonitrile	0.00	0.00	0.00	0.00	0.00	0.00	0.01	0.02	0.01	0.01	0.00	0.00	0.01		0.00	0.00	0.00	0.00	0.00	0.00	0.00	0.00	0.00	0.00	0.00	0.00	0.00	0.00	0.01		0.00		0.01		0.04		0.00	0.00	0.00	
133.065	C9H8OH	Methyl benzofuran	0.06	0.03	0.05	0.03	0.06	0.03	0.09	0.06	0.06	0.04	0.04	0.00	0.09		0.05	0.01	0.04	0.02	0.02	0.00	0.02	0.00	0.01	0.00	0.01	0.00	0.49	0.50	0.10		0.04		0.09		0.10		0.02	0.01	0.01	
133.101	C10H12H	Methyl propenyl benzene + ethyl styrene	0.04	0.04	0.04	0.02	0.04	0.02	0.07	0.06	0.03	0.02	0.05	0.01	0.08		0.04	0.01	0.02	0.01	0.01	0.00	0.01	0.00	0.00	0.00	0.00	0.00	0.00	0.00	0.04		0.01		0.07		0.07		0.00	0.00	0.00	
135.08	C9H10OH	3-methylacetophenone	0.05	0.03	0.05	0.03	0.04	0.02	0.07	0.05	0.05	0.03	0.04	0.01	0.07		0.04	0.01	0.03	0.01	0.01	0.00	0.01	0.00	0.01	0.00	0.00	0.00	0.02	0.01	0.08		0.03		0.04		0.09		0.01	0.01	0.00	
135.117	C10H14H	C10 Aromatics	0.05	0.04	0.04	0.02	0.05	0.04	0.11	0.10	0.03	0.02	0.05	0.01	0.07		0.07	0.02	0.07	0.05	0.01	0.00	0.01	0.00	0.00	0.00	0.00	0.00	0.01	0.01	0.05		0.01		0.10		0.08		0.00	0.00	0.00	
137.06	C8H8O2H	Methyl benzoic acid	0.10	0.04	0.08	0.03	0.11	0.08	0.13	0.10	0.14	0.08	0.07	0.01	0.16		0.04	0.01	0.05	0.02	0.02	0.01	0.02	0.00	0.02	0.00	0.01	0.00	0.03	0.01	0.17		0.09		0.09		0.14		0.04	0.03	0.01	
137.132	C10H16H	Monoterpenes	1.24	1.56	0.87	0.72	2.01	1.93	3.68	4.73	0.30	0.07	0.73	0.12	0.25		2.57	0.68	0.67	0.52	0.04	0.02	0.04	0.00	0.03	0.01	0.02	0.01	0.03	0.02	0.26		0.08		0.34		0.79		0.02	0.01	0.02	
138.055	C7H7NO2H	nitrotoluene	0.01	0.00	0.01	0.00	0.01	0.01	0.02	0.02	0.02	0.02	0.01	0.00	0.03		0.00	0.00	0.00	0.00	0.00	0.00	0.00	0.00	0.00	0.00	0.00	0.00	0.00	0.00	0.01		0.01		0.01		0.05		0.00	0.00	0.00	
139.075	C8H10O2H	2-Methoxy-4-methylphenol (= creosol)	0.36	0.18	0.26	0.08	0.70	1.20	0.54	0.34	0.53	0.34	0.46	0.07	1.36		0.11	0.02	0.10	0.00	0.04	0.01	0.05	0.00	0.03	0.00	0.02	0.00	0.04	0.01	0.42		0.22		0.21		0.50		0.13	0.10	0.05	
143.086	C11H10H	Methyl naphthalene	0.04	0.03	0.04	0.02	0.03	0.03	0.07	0.06	0.03	0.02	0.02	0.00	0.03		0.05	0.01	0.04	0.02	0.01	0.01	0.02	0.00	0.01	0.00	0.01	0.00	0.01	0.00	0.06		0.01		0.07		0.05		0.00	0.00	0.01	
145.05	C6H8O4H	Product of levoglucosan dehydration (pyrolysis)	0.17	0.08	0.16	0.07	0.24	0.33	0.16	0.09	0.19	0.12	0.29	0.08	0.83		0.04	0.01	0.03	0.01	0.02	0.01	0.03	0.01	0.01	0.00	0.01	0.00	0.03	0.02	0.18		0.13		0.35		0.22		0.07	0.05	0.02	
145.065	C10H8OH	2-ethenyl benzofuran	0.02	0.02	0.02	0.02	0.02	0.02	0.03	0.04	0.02	0.01	0.01	0.01	0.02		0.02	0.00	0.02	0.01	0.01	0.00	0.01	0.00	0.01	0.00	0.01	0.00	0.01	0.00	0.04		0.01		0.01		0.03		0.01	0.00	0.00	
145.101	C11H12H	ethylindene	0.02	0.02	0.02	0.01	0.01	0.01	0.04	0.04	0.02	0.01	0.01	0.00	0.01		0.02	0.01	0.02	0.01	0.00	0.00	0.00	0.00	0.00	0.00	0.00	0.00	0.00	0.00	0.03		0.00		0.06		0.04		0.00	0.00	0.00	
147.08	C10H10OH	dimethylbenzofuran	0.05	0.02	0.04	0.02	0.04	0.02	0.08	0.06	0.06	0.04	0.05	0.01	0.10		0.03	0.01	0.03	0.01	0.01	0.00	0.01	0.00	0.01	0.00	0.01	0.00	0.02	0.01	0.09		0.04		0.09		0.10		0.02	0.01	0.00	
149.096	C10H12OH	Methyl chavicol (estragole)	0.06	0.06	0.03	0.01	0.02	0.01	0.05	0.03	0.03	0.02	0.03	0.00	0.05		0.02	0.01	0.02	0.01	0.00	0.00	0.01	0.00	0.00	0.00	0.00	0.00	0.00	0.00	0.05		0.02		0.03		0.05		0.01	0.01	0.00	
149.132	C11H16H	C11 aromatics	0.01	0.01	0.01	0.01	0.01	0.01	0.03	0.02	0.01	0.01	0.02	0.00	0.02		0.02	0.01	0.01	0.00	0.00	0.00	0.00	0.00	0.00	0.00	0.00	0.00	0.01	0.01	0.02		0.00		0.05		0.03		0.00	0.00	0.00	
151.075	C9H10O2H	Vinyl guaiacol	0.18	0.09	0.14	0.08	0.22	0.31	0.18	0.12	0.21	0.14	0.17	0.01	0.40		0.08	0.02	0.07	0.01	0.02	0.00	0.02	0.00	0.02	0.00	0.01	0.00	0.02	0.01	0.46		0.33		0.09		0.60		0.07	0.06	0.01	
153.055	C8H8O3H	Vanillin	0.22	0.15	0.14	0.04	0.35	0.55	0.17	0.10	0.35	0.26	0.14	0.03	0.57		0.07	0.01	0.07	0.02	0.03	0.01	0.03	0.01	0.02	0.01	0.02	0.00	0.04	0.01	0.30		0.16		0.13		0.28		0.07	0.06	0.03	
153.07	C12H8H	Acenaphthylene	0.01	0.01	0.01	0.01	0.02	0.02	0.02	0.03	0.01	0.01	0.00	0.00	0.00		0.02	0.01	0.01	0.01	0.00	0.00	0.01	0.00	0.01	0.00	0.01	0.01	0.00	0.00	0.00		0.00		0.00		0.00		0.00	0.00	0.00	
153.127	C10H16OH	Camphor + other oxygenated monoterpenes	0.03	0.04	0.03	0.02	0.02	0.02	0.07	0.05	0.03	0.00	0.02	0.00	0.04		0.02	0.01	0.31	0.23	0.00	0.00	0.00	0.00	0.00	0.00	0.00	0.00	0.00	0.00	0.03		0.01		0.03		0.04		0.00	0.00	0.00	
155.07	C8H10O3H	syringol	0.03	0.01	0.02	0.01	0.03	0.02	0.05	0.03	0.04	0.04	0.03	0.00	0.05		0.01	0.00	0.05	0.00	0.07	0.01	0.06	0.02	0.04	0.01	0.03	0.01	0.03	0.01	0.34		0.10		0.05		0.17		0.14	0.12	0.01	
155.143	C10H18OH	Cineole + other oxygenated monoterpenes	0.00	0.00	0.01	0.00	0.00	0.00	0.01	0.01	0.01	0.01	0.01	0.00	0.01		0.00	0.00	0.01	0.00	0.00	0.00	0.00	0.00	0.00	0.00	0.00	0.00	0.00	0.00	0.03		0.01		0.02		0.02		0.01	0.01	0.00	
157.101	C12H12H	1,3-dimethylnaphthalene	0.03	0.02	0.03	0.01	0.02	0.01	0.05	0.05	0.02	0.02	0.03	0.01	0.05		0.02	0.01	0.02	0.01	0.01	0.00	0.01	0.00	0.00	0.00	0.00	0.00	0.01	0.00	0.04		0.01		0.10		0.05		0.00	0.00	0.00	
157.159	C10H20OH	decanal	0.00	0.00	0.00	0.00	0.00	0.00	0.01	0.01	0.00	0.00	0.00	0.00	0.01		0.00	0.00	0.00	0.00	0.00	0.00	0.00	0.00	0.00	0.00	0.00	0.00	0.00	0.00	0.01		0.00		0.01		0.01		0.00	0.00	0.00	
163.148	C12H18H	C12 aromatics	0.01	0.01	0.01	0.00	0.00	0.00	0.01	0.01	0.01	0.01	0.01	0.00	0.01		0.01	0.00	0.00	0.00	0.00	0.00	0.00	0.00	0.00	0.00	0.00	0.00	0.00	0.00	0.01		0.00		0.03		0.02		0.00	0.00	0.00	
165.091	C10H12O2H	Eugenol + isoeugenol	0.15	0.07	0.10	0.05	0.19	0.28	0.15	0.09	0.21	0.13	0.12	0.02	0.31		0.05	0.01	0.05	0.00	0.02	0.00	0.02	0.01	0.01	0.00	0.01	0.00	0.01	0.00	0.17		0.05		0.06		0.19		0.05	0.04	0.02	
177.164	C13H20H	C13 aromatics	0.01	0.01	0.01	0.00	0.00	0.00	0.01	0.01	0.01	0.01	0.01	0.00	0.01		0.01	0.00	0.00	0.00	0.00	0.00	0.00	0.00	0.00	0.00	0.00	0.00	0.00	0.00	0.01		0.00		0.03		0.01		0.00	0.00	0.00	
205.195	C15H24H	Sesquiterpenes	0.08	0.07	0.15	0.07	0.06	0.03	0.16	0.13	0.07	0.01	0.25	0.04	0.06		0.22	0.05	0.02	0.01	0.01	0.01	0.01	0.00	0.01	0.00	0.00	0.00	0.10	0.09	0.04		0.01		0.27		0.17		0.00	0.00	0.00	
